sendid,parked,send_nombre,largo,dificultad,duracion
0,0,LOMAS GANADERAS DE JIMENA LANCES,11589.5565,ALTA,221
1,0,COMPLEJO ENDORREICO DE CHICLANA ,18795.3172,MUY BAJA,70
2,0,ESCARPES DEL RIO TREJO DEL LITORAL DE ROTA,2290.9319,MUY BAJA,169
3,0,CALAS DE ALGECIRAS CARRASCÓN,19913.4784,MUY ALTA,137
4,0,CONIL DE LA FRONTERA-VEJER DE LA FRONTERA QUEBRADAS,12455.0758,MUY ALTA,184
5,0,COVEZUELAS-CHARCA VERDE LAGARÍN,14815.9509,BAJA,227
6,0,COLA DEL EMBALSE DE ARCOS VERDE DEL LITORAL COSTA BALLENA-CHIPIONA,5467.4106,PROFESIONAL,259
7,0,FUENTES DEL RÍO HONDÓN VERDE,1066.3315,PROFESIONAL,112
8,0,OCURI ALGARBES-BETIJUELO,6587.0264,MUY BAJA,95
9,0,ARROYO CAÑUELO SALINA-FANGOS MAREALES DEL RÍO BARBATE,14706.3761,MEDIA,195
10,0,RUTA DEL VIAJERO Y TAJO,7586.9423,MUY BAJA,216
11,0,SUBIDA A LA CRUZ DEL TAJO DE UBRIQUE TORREÓN,2527.0055,BAJA,141
12,0,SUBIDA A LA CRUZ DEL TAJO DE UBRIQUE DE LA ESPERANZA,10978.0406,ALTA,148
13,0,CASTILLO MEDIEVAL DE GIGONZA DEL DESCANSADERO,8605.4453,MUY ALTA,71
14,0,MARISMAS DEL BARBATE CANALIZO DE LA SIERRA DE LÍJAR,16745.41,MEDIA,238
15,1,SUBIDA A LA SILLA SALTADERO,14579.0772,MUY ALTA,145
16,1,CAMINO DE LAS SALINAS DE LAS PRESILLAS,9660.2618,PROFESIONAL,105
17,1,SIERRAS DEL RETÍN Y LA PLATA ALMORAIMA,17294.5125,PROFESIONAL,241
18,1,EL CARRASCÓN DE LA FUENTE SANTA,13320.1303,BAJA,133
19,1,SALINA CARBONEROS GARGANTE VERDE,17138.6486,MEDIA,94
20,1,GARGANTA DE BOGAS LADERA,18358.9332,ALTA,201
21,1,GARGANTA SECA Y PUERTO DE LA BREÑA DEL RAYO,14342.7363,MUY ALTA,264
22,1,LA GARGANTE VERDE DEL EMBALSE DE BORNOS,10884.7867,MUY BAJA,204
23,1,RUTA DEL VIAJERO LAGARÍN,11621.7165,MUY BAJA,189
24,1,CALLEJÓN DE LAS MOCITAS LOMAS DE CÁMARA,12030.0267,MUY BAJA,212
25,1,RUINAS DE ESPERILLA TOLETA,19840.5409,BAJA,176
26,1,LA ALBINA AL CERRO PICACHO DE PUERTO SERRANO,19471.6481,MUY BAJA,105
27,1,LA TEJA EXTENSA VEGA DE BORNOS,15525.6612,MUY ALTA,142
28,1,ERMITA DE LOS REMEDIOS DEL RABEL,6131.7618,ALTA,102
29,1,CORREDOR VERDE DOS BAHIAS. TRAMO I DE LA CAÑADA DE MÁLAGA,5289.622,BAJA,240
30,3,CARISSA AURELIA VERDE DEL LITORAL COSTA BALLENA-CHIPIONA,5503.6664,MUY ALTA,181
31,3,SUBIDA AL CERRO PICACHO DE PUERTO SERRANO ROCHE,8259.9731,BAJA,267
32,3,LLANOS DE LÍBAR VERDE DE ALGECIRAS,17007.0929,PROFESIONAL,74
33,3,DEHESA DEL BOYAR VERDE DE LA COSTA NOROESTE,18443.2702,MUY BAJA,183
34,3,PUERTA VERDE DE SAN FERNANDO AGUILILLAS - LAS GUAREÑAS,14309.8708,BAJA,282
35,3,FUENTES DEL RÍO HONDÓN AL CERRO ALBARRACINEJO,10017.8843,PROFESIONAL,98
36,3,SUBIDA A LA SILLA DE BARBATE,3983.871,PROFESIONAL,169
37,3,LAS AGUILILLAS - LAS GUAREÑAS SALTADERO,6621.8026,PROFESIONAL,193
38,3,PUERTO DE LAS PALOMAS - CERRO DE COROS DE LA FRONTERA-PALOMAR DE LA BREÑA,8522.9536,MUY BAJA,112
39,3,RUTA DE LOS MOLINOS DE SETENIL AL ALJIBE,9620.2272,MEDIA,87
40,3,ARROYO DE SAN CARLOS DEL TIRADERO ,19520.3161,MUY BAJA,265
41,3,VÍA VERDE MATAGORDA ,17633.4999,PROFESIONAL,59
42,3,CORREDOR VERDE DEL LITORAL COSTA BALLENA-CHIPIONA DE LAS PALOMAS - CERRO DE COROS,3968.2843,MEDIA,264
43,3,DE SETENIL A CAÑOS SANTOS AL TAJO LAGARÍN,4776.3453,MEDIA,280
44,3,TAJO DE LAS FIGURAS DE LA ERA EMPEDRADA,19367.3605,MUY BAJA,206
45,4,PINAR DE LA ALGAIDA-SALINA DESAMPARADOS DEL ARROYO DE LA GARGANTA DEL BOYAR,8701.5725,MUY ALTA,139
46,4,ARROYOMOLINOS AMIGOS - RÍO ARILLO,4483.3224,MUY BAJA,289
47,4,CAÑADA REAL DE JEREZ A RONDA DEL VIAJERO,14642.5505,MUY BAJA,286
48,4,LOS ALGARBES-BETIJUELO TREN DEL AZÚCAR,10441.8817,MEDIA,168
49,4,CORDEL DE MORÓN-MIRADOR DE LAS TOSCAS DEL RATÓN,18489.0616,MUY BAJA,53
50,4,CERRO DEL ÁGUILA VERDE DE SAN FERNANDO,15563.9416,MEDIA,76
51,4,CERRO DEL TAMBOR CAÑILLO,16225.7436,MEDIA,84
52,4,VEREDA DE LA ASOMADA VERDE DOS BAHÍAS,18522.4426,MUY BAJA,238
53,4,MURTA DE BOLONIA,11895.1676,MUY BAJA,94
54,4,DEL ACANTILADO DE BOLONIA-PULIDO,19811.9596,MEDIA,267
55,4,EL TORREÓN DEL RIO TREJO,10364.9293,BAJA,197
56,4,SUBIDA AL PICACHO ALBINA,3286.744,MUY ALTA,219
57,4,LA CALZADA ROMANA DE MILLAN,18372.0578,PROFESIONAL,43
58,4,VEREDA DE BARBATE DE LA REGINOSA,9287.9562,MEDIA,186
59,4,DESCENSO DEL ARROYO DE LA GARGANTA DEL BOYAR ALBINA,18009.9994,ALTA,95
60,5,LAGUNA DE TARAJE Y SAN ANTONIO ROCINEJO,17818.6015,BAJA,258
61,5,ANTIGUA SALINA-FANGOS MAREALES DEL RÍO BARBATE TESORILLO,14042.1602,BAJA,154
62,5,VÍA VERDE DE LA COSTA NOROESTE DE FUENTE AMARGA,6198.9617,ALTA,166
63,5,EL SALTADERO MUELA-LOS NACIMIENTOS,19959.8255,BAJA,255
64,5,FUENTES RURALES DE BENALUP-CASAS VIEJAS DEL GUADIARO,11904.2939,MUY ALTA,261
65,5,SIERRA DEL CALVARIO DE PUERTO OSCURO,1881.2855,ALTA,286
66,5,LAS VENTAS TRASHUMANTES VERDE DOS BAHIAS. TRAMO IV,8248.0792,BAJA,146
67,5,SUBIDA AL TAJO DE UTRERA DEL BOQUERÓN,10373.871,ALTA,129
68,5,LAS PLATERAS AL PICO ALBARRACÍN,6039.4076,BAJA,272
69,5,DOLMEN DE LOS LAJARES Y CANCHA BERMEJA PLATERAS,10385.3322,BAJA,201
70,5,ZAHARA DE LOS ATUNES-ATLANTERRA DEL RETÍN Y LA PLATA,5048.4044,BAJA,253
71,5,ALGODONALES-LOS NACIMIENTOS DE LA ASOMADA,13861.649,ALTA,137
72,5,LA LADERA CAÑILLO,9942.55,MEDIA,107
73,5,CABO DE TRAFALGAR-CONIL DE LA FRONTERA DE LAS MOCITAS,17383.844,BAJA,297
74,5,MONTE DE LA TORRE DEL RÍO HONDÓN,12101.3311,MUY ALTA,204
75,6,EL SALTILLO DE LOS POZOS,3036.7412,BAJA,152
76,6,RUTA DEL VIAJERO RECREATIVA PINAR DEL REY,1098.1605,MEDIA,124
77,6,LA BODEGA DE MEDINA,19272.1529,MUY BAJA,127
78,6,RUINAS DE ESPERILLA DEL RINCONCILLO,19094.6602,ALTA,123
79,6,LA BODEGA DEL CAPITÁN,4474.0223,MUY ALTA,300
80,6,LA MUELA-LOS NACIMIENTOS DE LAS MOCITAS,1562.4437,MUY ALTA,269
81,6,RUTA DE LOS BANDOLEROS VERDE DE CHICLANA,10276.1882,ALTA,268
82,6,DOLMEN DE LOS LAJARES Y CANCHA BERMEJA DEL CAPITÁN,17887.794,MEDIA,250
83,6,LLANO DEL REPUBLICANO DEL AGUILA PINAR DEL REY,4036.1931,MEDIA,127
84,6,GARGANTA DE MILLAN DE BOGAS,19472.3543,MEDIA,182
85,6,SUBIDA A LA SILLA TRES PINOS,8243.0465,ALTA,252
86,6,SUBIDA AL PICACHO ,15410.7487,ALTA,43
87,6,RÍO GUADALMESÍ DE LOS MOLINOS DE SETENIL,15649.4846,PROFESIONAL,86
88,6,RUTA DE LOS MOLINOS ALMORAIMA,1290.164,BAJA,173
89,6,LAS QUEBRADAS SALINA-FANGOS MAREALES DEL RÍO BARBATE,14049.3432,ALTA,282
90,7,CONIL DE LA FRONTERA-VEJER DE LA FRONTERA DE MECA,11363.0245,MUY ALTA,35
91,7,EL SALTILLO DE PUERTO OSCURO,7412.9761,BAJA,140
92,7,CAÑADA REAL LOS RATONES DE SAN ANTÓN,3712.475,PROFESIONAL,243
93,7,LA PRESA DEL EMBALSE DE BARBATE DEL EMBALSE DE BORNOS,6022.4216,MUY BAJA,180
94,7,ALGODONALES-LOS NACIMIENTOS DE EL BOSQUE-CAMINO DEL ESPINO,9125.4485,PROFESIONAL,76
95,7,ESTUARIO DEL GUADIARO DE LOS MARCHANTES,19148.5952,MUY ALTA,57
96,7,RUTA DEL VIAJERO VERDE DE SANLÚCAR DE BARRAMEDA,7859.6625,PROFESIONAL,172
97,7,VEREDA DE UBRIQUE - ASOMADILLA DEL EMBALSE DE ARCOS,5899.0496,BAJA,75
98,7,ASCENSO AL TAJO LAGARÍN AURELIA,5095.6241,MEDIA,59
99,7,GARGANTA DE BARRIDA FUENTES,15424.3192,PROFESIONAL,189
100,7,EL PALANCAR DE SAN CARLOS DEL TIRADERO,7803.0833,MEDIA,162
101,7,DOLMEN DE LOS LAJARES Y CANCHA BERMEJA ACANTILADO,1988.8588,BAJA,253
102,7,RÍO GUADALMESÍ DEL PALMONES,5527.3248,MEDIA,192
103,7,CAMPOBUCHE SALINA-FANGOS MAREALES DEL RÍO BARBATE,10898.1233,ALTA,46
104,7,SALTO DEL CABRERO DEL BARBATE,9141.2713,PROFESIONAL,269
105,8,VEREDA DE UBRIQUE - ASOMADILLA GANADERAS DE JIMENA,13423.1187,MUY ALTA,278
106,8,LA ALBINA DE ESPERILLA,6123.4579,BAJA,261
107,8,SUBIDA AL CERRO VERDUGO PLATERAS,15114.9273,MUY ALTA,49
108,8,SALTO DEL CABRERO AL ALJIBE,5068.5124,PROFESIONAL,183
109,8,CAMINO DE LA ERA EMPEDRADA DE HIGUERÓN,8516.1141,PROFESIONAL,220
110,8,CAMINO DE LOS CHARCONES VERDE DE SAN ROQUE,18188.1873,BAJA,154
111,8,FUENTES DEL RÍO HONDÓN DE MONTECOCHE,8085.2094,MUY BAJA,299
112,8,EL TORREÓN ALGARBES-BETIJUELO,19890.6616,MUY BAJA,272
113,8,EL CABRITO - PUERTO DEL BUJEO DE LOS LAJARES Y CANCHA BERMEJA,3287.7992,MUY ALTA,206
114,8,RÍO HOZGARGANTA DE BARRIDA,16744.9906,BAJA,57
115,8,RÍO DE LA MIEL DE SAN CARLOS DEL TIRADERO,13555.5258,MUY BAJA,67
116,8,LAGUNA DE BENAJIMA VERDE DEL LITORAL COSTA BALLENA-CHIPIONA,3296.0547,ALTA,286
117,8,DEHESA DEL BOYAR DE LA REGINOSA,7994.4703,BAJA,285
118,8,LAS AGUILILLAS - LAS GUAREÑAS DEL MORO,12672.4396,MEDIA,142
119,8,LOMAS GANADERAS DE JIMENA DE TRAFALGAR-CAÑOS DE MECA,10983.7006,BAJA,160
120,10,CARISSA AURELIA DE LOS FRANCESES,9080.364,PROFESIONAL,126
121,10,COLADA DE LA REGINOSA DEL CABRERO,6176.4604,BAJA,252
122,10,DE SETENIL A CAÑOS SANTOS PARDA,12899.8726,ALTA,234
123,10,CAMINO DE LOS PESCADORES ALHAJA,14274.2504,PROFESIONAL,240
124,10,LA GARGANTE VERDE DEL BARBATE,5698.0485,MEDIA,224
125,10,PUERTO DE BOLONIA-PULIDO SUARA,14398.525,MEDIA,256
126,10,LA MUELA-LOS NACIMIENTOS DE LOS BANDOLEROS,10838.8285,MEDIA,141
127,10,LAGUNA DE MEDINA DE GARCIAGO,8895.4089,MUY ALTA,242
128,10,EL TORREÓN VERDE DOS BAHIAS. TRAMO II,6059.4721,MEDIA,228
129,10,SUBIDA AL CERRO VERDUGO MENACHA,17377.6204,MUY BAJA,92
130,10,CANUTO DE RISCO BLANCO ENDORREICO DE CHICLANA,17645.1406,MUY BAJA,133
131,10,CORREDOR VERDE DEL PARQUE DE LAS CAÑADAS ALTO,4714.7213,MUY BAJA,264
132,10,RÍO HOZGARGANTA DE MONTECOCHE,1526.9388,MUY BAJA,255
133,10,COLADA DE FUENTE AMARGA VERDE DE ALGECIRAS,18557.5284,PROFESIONAL,298
134,10,MARISMAS DEL BARBATE LAS CANTERAS Y EL TEJÓN,15156.7302,MUY BAJA,60
135,11,ALBERITE PEDRIZA,11355.3576,ALTA,259
136,11,LA EXTENSA VEGA DE BORNOS TORREÓN,18596.0987,ALTA,294
137,11,SUBIDA AL TAJO DE UTRERA VERDE MATAGORDA,3575.7344,PROFESIONAL,217
138,11,RUTA ZAHARA - EL GASTOR PEDRIZA,10264.9804,MUY BAJA,61
139,11,LOS PUENTES ROMANOS DE MEDINA SIDONIA DE GARCIAGO,13508.6193,MUY ALTA,38
140,11,BUITRERAS DE ZAFRAMAGÓN VERDE DE SAN ROQUE,19093.1286,ALTA,171
141,11,CERRO DEL TAMBOR DE BENAJIMA,10037.0982,PROFESIONAL,65
142,11,CAÑADA REAL DE CORDERO ,18818.9668,MEDIA,160
143,11,HUERTA LAGARÍN CABRITO - PUERTO DEL BUJEO,5960.6189,MEDIA,291
144,11,TAJO DE LAS FIGURAS ACANTILADO,14270.3248,MUY ALTA,104
145,11,ARROYOMOLINOS ,14688.2223,ALTA,275
146,11,PUERTA VERDE DE SANLÚCAR DE BARRAMEDA RURALES DE ROTA,7306.4567,MUY ALTA,32
147,11,LOS LLANOS DEL BERRAL GUAREÑAS - PASADA DEL BOYAL,18153.7174,MUY ALTA,184
148,11,CANUTO DEL ARROYO ALGAMASILLA ,4734.6894,MUY ALTA,64
149,11,TORRE GUADALMESÍ DE LA REGINOSA,19401.0835,MEDIA,42
150,12,PUERTA VERDE DE CHICLANA DEL ARROYO ALGAMASILLA,11597.3317,MEDIA,85
151,12,GARGANTA SECA Y PUERTO DE LA BREÑA DE LOS MOLINOS DE SETENIL,1212.5574,MUY BAJA,45
152,12,CASA DEL DORNAJO DE BENAJIMA,12092.8373,MUY BAJA,217
153,12,RIO MAJACEITE VERDE DE SAN FERNANDO,16028.2979,MUY BAJA,255
154,12,CAMINO DEL GRULLO DEL ÁGUILA,1973.5234,ALTA,142
155,12,ARROYO DE SAN CARLOS DEL TIRADERO DEL AGUILA PINAR DEL REY,10973.8319,ALTA,151
156,12,BUITRERAS DE ZAFRAMAGÓN GARGANTE VERDE,1179.8488,MEDIA,130
157,12,ANTIGUA SALINA-FANGOS MAREALES DEL RÍO BARBATE DE LOS REMEDIOS,8216.1673,PROFESIONAL,268
158,12,CAMINO DEL GRULLO MUELA-LOS NACIMIENTOS,14069.592,PROFESIONAL,291
159,12,CERROS DE PALMITOS Y BARBECHOS DE LA ESPERANZA,3441.3177,ALTA,75
160,12,CALAS DE ROCHE DE LUZ,8773.3537,BAJA,280
161,12,TORRE GUADALMESÍ ALGARBES-BETIJUELO,16144.0152,MEDIA,169
162,12,EL TREN DEL AZÚCAR DE PUERTO OSCURO,9750.2755,PROFESIONAL,174
163,12,RUTA DE LOS MOLINOS DEL JUDÍO,10812.1728,MUY BAJA,133
164,12,GARGANTA DE LA FUENTE SANTA DEL AGUILA PINAR DEL REY,16565.3306,ALTA,188
165,13,LAGUNA DE BENAJIMA VENTAS TRASHUMANTES,9184.0926,ALTA,101
166,13,NAVAZO ALTO VERDE DE ALGECIRAS,7455.6577,MUY BAJA,196
167,13,CORREDOR VERDE DOS BAHIAS. TRAMO II DE LÍBAR,17963.6246,ALTA,249
168,13,PINAR DE LA ALGAIDA-SALINA DESAMPARADOS DE FUENTE AMARGA,6413.6943,BAJA,280
169,13,LOMAS GANADERAS DE JIMENA VERDE DE CHICLANA,13450.1773,MUY ALTA,168
170,13,ESCARPES DEL RIO TREJO VERDE DOS BAHIAS. TRAMO IV,15117.2512,MEDIA,63
171,13,GARGANTA DE PUERTO OSCURO DE LA JANDA,10512.2912,MUY BAJA,99
172,13,LOS LANCES DE MECA,16265.1113,BAJA,117
173,13,MONTE DE HIGUERÓN ,19754.7075,PROFESIONAL,68
174,13,RÍO HOZGARGANTA SECA Y PUERTO DE LA BREÑA,12732.0852,BAJA,118
175,13,LOS ALGARBES-BETIJUELO DEL MORO,3663.495,PROFESIONAL,123
176,13,PUERTA VERDE DE SAN FERNANDO DEL DORNAJO,17972.5087,BAJA,179
177,13,DESCENSO DEL ARROYO DE LA GARGANTA DEL BOYAR PUENTES ROMANOS DE MEDINA SIDONIA,1076.0235,PROFESIONAL,143
178,13,EL TESORILLO DEL ALJIBE,11467.6715,BAJA,204
179,13,PUERTO DEL BUJEO - HOYO DE DON PEDRO DEL BOQUERÓN,4847.244,PROFESIONAL,252
180,15,SALTO DEL CABRERO DE TARAJE Y SAN ANTONIO,14814.5912,MUY ALTA,239
181,15,GR-7 DEL PAJARRACO,1172.1351,BAJA,30
182,15,LOS LLANOS DEL BERRAL DE TRAFALGAR-CONIL DE LA FRONTERA,1086.9339,MUY ALTA,95
183,15,OCURI HONDO,4174.431,ALTA,168
184,15,MEANDROS DEL GUADALETE ALMORAIMA,3953.1796,MEDIA,92
185,15,DESCENSO DEL ARROYO DE LA GARGANTA DEL BOYAR AL PICO ALBARRACÍN,4843.1677,PROFESIONAL,248
186,15,SUBIDA AL MOGOTE DE LUZ,9838.4053,PROFESIONAL,154
187,15,SUBIDA AL CERRO PICACHO DE PUERTO SERRANO DE BOLONIA,12231.5959,ALTA,68
188,15,SIERRA DE MONTECOCHE DEL RINCONCILLO,7826.337,MEDIA,254
189,15,EL TORREÓN VERDE DEL PUERTO DE SANTA MARÍA,8751.5322,BAJA,246
190,15,GARGANTA DE MILLAN DE LA ESPERANZA,7747.8086,PROFESIONAL,105
191,15,CAMINO DE CHAVARRIA VERDE DE CHICLANA,1599.7664,BAJA,216
192,15,SIERRA DE FATES DE LOS HURONES,12871.1799,MEDIA,275
193,15,LA ATALAYA DE BOLONIA-PULIDO,11320.1553,ALTA,60
194,15,PUERTA VERDE DE CHICLANA ALHAJA,15388.79,MEDIA,86
195,16,COLADA DE LA COSTA NACIMIENTOS,5095.6461,BAJA,298
196,16,CAMINO DEL GRULLO DE VENTA DE LECHE,10108.1534,MEDIA,41
197,16,SUBIDA AL CERRO ALBARRACINEJO VERDE DE SAN FERNANDO,13391.0614,MEDIA,101
198,16,LA PRESA DEL EMBALSE DE BARBATE AL MOGOTE,18509.7689,MEDIA,177
199,16,SIERRA DE MONTECOCHE FRONTERIZO,8450.5114,PROFESIONAL,85
200,16,MURTA VERDE,3686.4312,PROFESIONAL,194
201,16,VEGA DEL GUADIARO ROCINEJO,5692.6958,PROFESIONAL,282
202,16,ALGODONALES-LOS NACIMIENTOS DE ESPERILLA,8297.3468,PROFESIONAL,227
203,16,CALAS DE ROCHE PEDRIZA,19813.5202,MUY ALTA,275
204,16,CONIL DE LA FRONTERA-VEJER DE LA FRONTERA DE ALGECIRAS,19642.1477,BAJA,242
205,16,CERRO DEL CHARCO PALANCAR,18863.5029,ALTA,64
206,16,CONIL DE LA FRONTERA-VEJER DE LA FRONTERA HONDO,11434.3452,PROFESIONAL,270
207,16,LAGUNAS LAS CANTERAS Y EL TEJÓN DE LA ALGAIDA-SALINA DESAMPARADOS,15361.9662,ALTA,191
208,16,CAMINO DE LA ERA EMPEDRADA DE LA JANDA,8395.4872,MUY ALTA,73
209,16,LOMAS GANADERAS DE JIMENA PEDRIZA,2995.3212,PROFESIONAL,113
210,17,CORREDOR VERDE DEL LITORAL COSTA BALLENA-CHIPIONA ROCINEJO,3236.1202,ALTA,291
211,17,LOS ALGARBES-BETIJUELO MAJACEITE,8699.8647,MEDIA,141
212,17,DEL ACANTILADO DE BARBATE,14009.2441,ALTA,146
213,17,GARGANTA DE BOGAS PEÑA,2271.6724,PROFESIONAL,201
214,17,CABO DE TRAFALGAR-CONIL DE LA FRONTERA CALZADA DEHESA BOYAL,1961.817,BAJA,70
215,17,SIERRA DE MONTECOCHE DE GAIDOVAR,9158.5904,ALTA,149
216,17,CORDEL DE MORÓN-MIRADOR DE LAS TOSCAS DE LA COSTA,14766.8397,BAJA,242
217,17,LA MUELA-LOS NACIMIENTOS DE LOS PESCADORES,2182.8956,PROFESIONAL,231
218,17,QUINTAS DE ALGAR VERDE DE LA LÍNEA DE LA CONCEPCIÓN,13555.158,ALTA,71
219,17,RUINAS DE ESPERILLA DE TARAJE Y SAN ANTONIO,13242.9881,ALTA,184
220,17,PINAR DE LOS FRANCESES REAL LOS RATONES,17135.0525,BAJA,65
221,17,SALINAS Y CAÑADAS DE PRADO DEL REY Y  EL BOSQUE DE LOS BATANES,19479.9805,BAJA,295
222,17,LA CALZADA ROMANA DEL RÍO HONDÓN,10554.6479,MUY BAJA,238
223,17,GARGANTA DE LA FUENTE SANTA LADERA,17670.6831,PROFESIONAL,145
224,17,PUERTA VERDE DE ALGECIRAS ,19375.0264,MEDIA,74
225,18,CALAS DE ROCHE DEL PILAR,17597.9968,ALTA,109
226,18,RIO MAJACEITE REAL LOS RATONES,9605.4317,PROFESIONAL,98
227,18,EL PALANCAR DE TRAFALGAR-CAÑOS DE MECA,14826.2254,MUY BAJA,57
228,18,CORREDOR VERDE DOS BAHIAS. TRAMO IV MEDIEVAL DE GRAZALEMA,19194.6765,MUY BAJA,156
229,18,LA MENACHA DE LA VENTA DEL SILLETERO,14445.0829,MUY ALTA,57
230,18,PUERTA VERDE DE JEREZ DE LA FRONTERA VERDE DE SAN FERNANDO,17880.4137,ALTA,235
231,18,GR-7 TREN DEL AZÚCAR,8341.7719,BAJA,259
232,18,CORDEL DE MORÓN-MIRADOR DE LAS TOSCAS VERDE DOS BAHIAS. TRAMO IV,11066.8629,MEDIA,246
233,18,CAMINO ALTO DE EL BOSQUE DE LOS LAJARES Y CANCHA BERMEJA,7324.6234,MEDIA,204
234,18,MOJÓN DE LA VÍBORA HONDO,1895.473,MUY ALTA,231
235,18,CAMINO DEL PILAR ,2016.4993,MUY BAJA,85
236,18,PICACHO-PEGUERA DEL RATÓN,2122.8444,BAJA,38
237,18,CERRO DE LA PLAZA DE ARMAS DEL BOYAR,8382.0421,MUY ALTA,226
238,18,COLA DEL EMBALSE DE ARCOS NACIMIENTOS,17688.5883,MUY BAJA,57
239,18,PUERTA VERDE DE SAN FERNANDO DEL EMBALSE DE ARCOS,19528.2082,MUY ALTA,132
240,20,FRONTERA FORESTAL MEDIEVAL DE GRAZALEMA,16769.1103,ALTA,58
241,20,COLADA DE VENTA DE LECHE PARDA,8480.1955,MUY BAJA,163
242,20,PICACHO-PEGUERA SETENIL A CAÑOS SANTOS,12541.1327,MUY ALTA,80
243,20,VALLE DE OJÉN DE LOS CHARCONES,8704.5179,PROFESIONAL,164
244,20,ALGODONALES-LOS NACIMIENTOS DEL GUADALETE,10513.0343,MUY ALTA,279
245,20,FUENTE DE RAMOS DE LA JANDA,13308.0167,PROFESIONAL,31
246,20,FÁBRICAS DE LUZ AL TAJO DE UTRERA,8271.6323,ALTA,115
247,20,GARGANTA DE BOGAS SECA Y PUERTO DE LA BREÑA,12623.097,MUY ALTA,171
248,20,LOS LANCES ANTIGUA LAGUNA DE LA JANDA,4249.2973,ALTA,125
249,20,PARQUE FLUVIAL DEL RÍO PÍCARO DEL BARBATE,11830.9837,BAJA,64
250,20,FRONTERA FORESTAL DE LOS BATANES,15789.4453,MUY ALTA,53
251,20,ESCARPES DEL RIO TREJO DE ROCHE,4464.1905,ALTA,227
252,20,SILLA DEL PAPA DE ROCHE,2646.0783,MUY ALTA,191
253,20,LAS FUENTES SETENIL A CAÑOS SANTOS,15945.9021,MUY ALTA,180
254,20,LOS PUENTES ROMANOS DE MEDINA SIDONIA DE FUENTE AMARGA,14854.2713,MEDIA,298
255,21,SIERRA DE LAS VIÑAS ALTO DE EL BOSQUE,11597.4383,ALTA,100
256,21,CAMINO DEL GRULLO DE EL BOSQUE-CAMINO DEL ESPINO,5822.0515,MEDIA,143
257,21,BUITRERAS DE ZAFRAMAGÓN DEL RABEL,17755.7384,MUY ALTA,233
258,21,CORREDOR VERDE DOS BAHIAS. TRAMO IV DE LOS MOLINOS,14502.1306,PROFESIONAL,235
259,21,SUBIDA A LA CRUZ DEL TAJO DE UBRIQUE DOLORES,11184.8635,PROFESIONAL,174
260,21,LA LADERA LADERA,17554.9704,MUY BAJA,177
261,21,CAÑADA REAL DE JEREZ A RONDA DE LAS VIÑAS,7444.3306,MUY BAJA,189
262,21,LOS LANCES DEL ARROYO DE LA GARGANTA DEL BOYAR,9919.7223,MEDIA,65
263,21,CAMPOBUCHE VERDE DE JEREZ DE LA FRONTERA,1467.7811,PROFESIONAL,284
264,21,VÍA VERDE DE LA COSTA NOROESTE DE LOS PESCADORES,7022.9002,BAJA,276
265,21,LA ALBINA DE LA VENTA DEL SILLETERO,5087.514,ALTA,188
266,21,CONIL DE LA FRONTERA-VEJER DE LA FRONTERA DEL MORO,4507.7928,BAJA,38
267,21,VÍA VERDE DE LA SIERRA DE ROCHE,11598.7183,MUY BAJA,76
268,21,RIBERA DEL EMBALSE DE BORNOS GUAREÑAS - LA SUARA,16145.3714,PROFESIONAL,91
269,21,GARGANTA DEL RAYO DE LA VÍBORA,12871.773,MUY BAJA,51
270,22,LA GARGANTE VERDE DE LAS PRESILLAS,4388.4473,ALTA,167
271,22,GARGANTA DE BARRIDA CAMARINAL,9033.1238,ALTA,39
272,22,CORDEL DE LOS MARCHANTES A LA CRUZ DEL TAJO DE UBRIQUE,8837.9497,ALTA,273
273,22,MONTE ALGAIDA TOLETA,15961.4404,MEDIA,83
274,22,VEJER DE LA FRONTERA-PALOMAR DE LA BREÑA DE LOS ATUNES-ATLANTERRA,10442.3501,ALTA,142
275,22,RIBERA DE GAIDOVAR ZAHARA - EL GASTOR,8075.5727,MEDIA,231
276,22,MONTE DE LA TORRE DEL BUJEO - HOYO DE DON PEDRO,11256.8656,ALTA,185
277,22,CAÑADA REAL DE CORDERO LANCES,18040.8518,BAJA,299
278,22,ARROYO CAÑUELO ANTIGUA LAGUNA DE LA JANDA,10010.6911,ALTA,159
279,22,SUBIDA AL MOGOTE VERDE DE LA SIERRA,10342.3744,BAJA,292
280,22,TORRE GUADALMESÍ ,6642.0838,MEDIA,129
281,22,SIERRA DE MONTECOCHE MUELA-LOS NACIMIENTOS,6160.0129,BAJA,136
282,22,ROJITAN DE LOS BANDOLEROS,10923.2536,MUY ALTA,268
283,22,LA MENACHA DE LOS FRANCESES,19695.7297,PROFESIONAL,224
284,22,CARISSA AURELIA VERDE DE SAN ROQUE,7496.7157,PROFESIONAL,132
285,23,LA MENACHA DE BOLONIA-PULIDO,12202.9009,MEDIA,116
286,23,CERRO DEL ÁGUILA DE GAIDOVAR,14802.9394,BAJA,95
287,23,PASEO DE LA CRUZ DE LA SIERRA DE LIJAR DE BOGAS,7153.9409,BAJA,230
288,23,ZAHARA DE LOS ATUNES-ATLANTERRA CARBONEROS,3388.2172,MEDIA,65
289,23,CABO DE TRAFALGAR-CONIL DE LA FRONTERA REAL DE CORDERO,8603.3963,BAJA,36
290,23,DOLMEN DE LOS LAJARES Y CANCHA BERMEJA DEL GUADIARO,12134.9256,MUY BAJA,218
291,23,PUERTO DE LAS PALOMAS - CERRO DE COROS DE OJÉN,8253.6316,BAJA,97
292,23,EL PALANCAR FORESTAL,13751.9459,BAJA,88
293,23,RUTA ZAHARA - EL GASTOR NACIMIENTOS,15546.8443,PROFESIONAL,142
294,23,CALLEJÓN DE LAS MOCITAS DE LA VÍBORA,3443.1429,MEDIA,158
295,23,RUTA DE LA PLAYA DE LA BARROSA DE MECA,12895.6387,PROFESIONAL,113
296,23,VEREDA DE UBRIQUE - ASOMADILLA NACIMIENTOS,10658.5385,BAJA,33
297,23,TRES AMIGOS - RÍO ARILLO DE LOS PRISIONEROS,9422.2006,MEDIA,88
298,23,COLA DEL EMBALSE DE BORNOS VERDE DE SAN ROQUE,11950.5831,MEDIA,125
299,23,VÍA VERDE DE LA COSTA NOROESTE PARDA,18322.6822,MUY BAJA,47
300,24,SALINA SANTA MARÍA DE JESÚS VERDE DE SANLÚCAR DE BARRAMEDA,15870.1485,MUY ALTA,269
301,24,RUTA DEL VIAJERO VERDE,16394.1358,MEDIA,102
302,24,LA ALBINA DEL LITORAL DE ROTA,12251.235,PROFESIONAL,268
303,24,CARISSA AURELIA VERDE DOS BAHIAS. TRAMO IV,13310.3458,ALTA,34
304,24,LAS ALBINAS DE MILLAN,1868.8086,MUY ALTA,286
305,24,LA ALBINA DE VALDEINFIERNO,19136.4789,PROFESIONAL,184
306,24,ENCINAR DE VICOS AGUILILLAS - LAS GUAREÑAS,9254.7055,MEDIA,111
307,24,LOS ALGARBES-BETIJUELO DEL CAPITÁN,14290.6571,MUY ALTA,135
308,24,SANTUARIO DEL BACINETE DEL CAPITÁN,2308.0243,MEDIA,111
309,24,CARISSA AURELIA DEL EMBALSE DE ARCOS,12353.5987,MUY BAJA,208
310,24,CERRO DEL TAMBOR VIAJE EN EL TIEMPO,18846.4905,MUY ALTA,184
311,24,PUERTA VERDE DE SAN ROQUE GUAREÑAS - LA SUARA,1032.2738,ALTA,161
312,24,CERRO DEL RAYO CABRITO - PUERTO DEL BUJEO,2601.8056,MEDIA,133
313,24,COLA DEL EMBALSE DE BORNOS SALTADERO,12943.8308,MUY BAJA,55
314,24,SUBIDA AL PICACHO TORREÓN,5061.1636,MUY BAJA,109
315,25,ARROYO DE VALDEINFIERNO DE LA ALGAIDA-SALINA DESAMPARADOS,13224.2976,MEDIA,35
316,25,ARROYO DE VALDEINFIERNO VERDE DE SAN ROQUE,14872.0604,BAJA,228
317,25,ALBERITE VIAJE EN EL TIEMPO,16837.8256,MUY ALTA,244
318,25,PUERTA VERDE DE SANLÚCAR DE BARRAMEDA DE LOS TOLLOS,14588.4147,BAJA,144
319,25,DEHESA DEL BOYAR ANTIGUA LAGUNA DE LA JANDA,11057.5357,PROFESIONAL,228
320,25,LA ANTIGUA LAGUNA DE LA JANDA DE MORÓN-MIRADOR DE LAS TOSCAS,1102.4808,ALTA,99
321,25,RÍO ROCINEJO ,10375.6884,ALTA,149
322,25,ARROYO DEL DESCANSADERO AL PICO ALBARRACÍN,3346.9983,PROFESIONAL,213
323,25,LOS LANCES DE SAN ANTÓN,12130.1564,BAJA,258
324,25,CAÑADA REAL DE JEREZ A RONDA DE LA TORRE,13860.2751,MUY ALTA,205
325,25,GARGANTA DE LA FUENTE SANTA DE FARDELA,5805.993,PROFESIONAL,201
326,25,CABO DE TRAFALGAR-CONIL DE LA FRONTERA AMIGOS - RÍO ARILLO,15786.6853,MUY BAJA,98
327,25,EL SALTILLO PUNTA CARNERO A GETARES,16138.3396,MUY ALTA,106
328,25,TAVIZNA-EMBALSE DE LOS HURONES DE TRAFALGAR-CONIL DE LA FRONTERA,4891.9403,PROFESIONAL,34
329,25,RÍO GUADALMESÍ DE BENAJIMA,11644.5887,PROFESIONAL,262
330,26,CALLEJÓN DEL MOLINO DE LA ASOMADA,12559.8173,MEDIA,99
331,26,PUERTA VERDE DEL PUERTO DE SANTA MARÍA SALINA-FANGOS MAREALES DEL RÍO BARBATE,19927.3824,ALTA,274
332,26,PICACHO-PEGUERA DE LAS MOCITAS,1298.1723,PROFESIONAL,116
333,26,PUERTO DE BOLONIA-PULIDO DE LA VENTA DEL SILLETERO,10363.2115,MEDIA,123
334,26,CALLEJÓN DE LAS MOCITAS DE BARRIDA,16624.8511,BAJA,135
335,26,CAMINO DE LOS PESCADORES DEL TAJO,11432.1886,ALTA,290
336,26,CALAS DE ROCHE VERDE DE BORNOS,2348.2683,ALTA,85
337,26,CERRO DE LOS BATANES MESA DEL ESPARRAGAL,12139.1491,PROFESIONAL,112
338,26,VÍA VERDE DE BORNOS DEL GUADIARO,5007.3388,ALTA,115
339,26,DESCENSO DEL ARROYO DE LA GARGANTA DEL BOYAR VERDE DEL PUERTO DE SANTA MARÍA,11990.7554,ALTA,33
340,26,CAÑADA REAL DE CORDERO DE FARDELA,14055.9623,PROFESIONAL,111
341,26,ARROYOMOLINOS DEL GUADIARO,5304.864,MEDIA,194
342,26,PUERTA VERDE DE SANLÚCAR DE BARRAMEDA DE FUENTE AMARGA,16406.7326,PROFESIONAL,70
343,26,CALAS DE CONIL ,1657.4284,MEDIA,265
344,26,FRONTERA FORESTAL VERDE DE LA COSTA NOROESTE,9858.9603,BAJA,91
345,28,CONIL DE LA FRONTERA-VEJER DE LA FRONTERA PINSAPAR,13451.4999,MUY BAJA,277
346,28,OJO DEL MORO DEL ENDRINAL,7697.6068,BAJA,115
347,28,MONTE DE HIGUERÓN ZAHARA - EL GASTOR,11423.7537,MEDIA,270
348,28,PUERTA VERDE DE SANLÚCAR DE BARRAMEDA DEL CALVARIO,10933.0646,MUY ALTA,174
349,28,GARGANTA DE MILLAN CAÑUELO,15449.6753,PROFESIONAL,65
350,28,LAS PLATERAS DE LAS VIÑAS,15981.7314,ALTA,70
351,28,COLA DEL EMBALSE DE BORNOS AL SANTUARIO DE NUESTRA SEÑORA DE LOS SANTOS,16563.686,MUY ALTA,37
352,28,COMPLEJO ENDORREICO DE CHICLANA MUELA-LOS NACIMIENTOS,6448.2838,PROFESIONAL,105
353,28,LA MONTERA DEL TORERO DE LOS PESCADORES,14140.59,PROFESIONAL,93
354,28,CAMINO DE LOS PESCADORES GUADALMESÍ,8480.2051,MUY BAJA,214
355,28,DEL ACANTILADO DEL LITORAL DE ROTA,18568.2473,PROFESIONAL,171
356,28,PICACHO-PEGUERA DE CAMINOS,18270.071,BAJA,44
357,28,TAJILLO Y TAJO TESORILLO,16206.615,PROFESIONAL,217
358,28,GARGANTA DE MILLAN DE ESPERILLA,12523.2547,MUY ALTA,166
359,28,LA TEJA PALANCAR,12073.1307,MEDIA,107
360,29,HUERTA LAGARÍN MAJACEITE,11700.5797,MUY BAJA,178
361,29,SUBIDA AL TAJO DE UTRERA DE ZAFRAMAGÓN,17952.1579,PROFESIONAL,268
362,29,CALLEJÓN DEL MOLINO AURELIA,5479.8267,MUY ALTA,155
363,29,LA TEJA DE LA JANDA,4114.9475,BAJA,256
364,29,SALINAS Y CAÑADAS DE PRADO DEL REY Y  EL BOSQUE VERDE DE BORNOS,13762.1462,ALTA,106
365,29,LA MUELA-LOS NACIMIENTOS DEL GUADIARO,17286.8774,BAJA,164
366,29,DUNAS DE SAN ANTÓN CARRASCÓN,4117.2013,MUY ALTA,205
367,29,DEL ACANTILADO VERDE DE CHICLANA,6440.611,ALTA,259
368,29,CAMINO DE LAS SALINAS DE SAN BARTOLOMÉ,18436.9801,MUY BAJA,192
369,29,CAMINO ALTO DE EL BOSQUE DEL BUJEO - HOYO DE DON PEDRO,12845.9031,MUY BAJA,59
370,29,PUERTA VERDE DE SAN ROQUE DE LA FUENTE SANTA,14376.0451,MEDIA,118
371,29,DOLMEN DE LOS LAJARES Y CANCHA BERMEJA DEL REPUBLICANO,17984.0833,MUY BAJA,270
372,29,CALAS DE ROCHE CALZADA DEHESA BOYAL,1368.6758,MUY ALTA,181
373,29,PUERTO DE LAS PALOMAS - CERRO DE COROS DEL DESCANSADERO,7266.9794,ALTA,33
374,29,CERRO DEL RAYO DE LOS FRANCESES,18179.8142,MEDIA,35
375,30,CORREDOR VERDE DOS BAHIAS. TRAMO III VENTAS TRASHUMANTES,6916.5135,MUY BAJA,163
376,30,COLA DEL EMBALSE DE BORNOS DE MONTECOCHE,17550.3566,MEDIA,161
377,30,COLADA DE LA COSTA QUEBRADAS,17437.7371,MUY BAJA,38
378,30,COMPLEJO ENDORREICO DE CHICLANA DE LA ALGAIDA-SALINA DESAMPARADOS,15236.6031,PROFESIONAL,247
379,30,COLADA DE LA REGINOSA DE ARCOS,3385.7973,MUY BAJA,145
380,30,QUINTAS DE ALGAR DEL CAPITÁN,4283.9271,MUY BAJA,283
381,30,LOMO DEL JUDÍO DEL TAMBOR,17711.6323,PROFESIONAL,94
382,30,EL CABRITO - PUERTO DEL BUJEO DEL DORNAJO,11602.0793,ALTA,260
383,30,VEJER DE LA FRONTERA-PALOMAR DE LA BREÑA ACANTILADO,19065.8587,MUY BAJA,233
384,30,PASADA DEL BOYAL- LA SUARA DE MILLAN,3292.2057,PROFESIONAL,239
385,30,LAGUNAS LAS CANTERAS Y EL TEJÓN DEL CABRERO,3141.3371,ALTA,129
386,30,CAMINO DE LAS SALINAS DEL GUADALETE,11895.5168,MEDIA,129
387,30,ANTIGUA SALINA-FANGOS MAREALES DEL RÍO BARBATE PUENTES ROMANOS DE MEDINA SIDONIA,3021.2844,ALTA,149
388,30,PUERTA VERDE DE SAN ROQUE DE LA COSTA,1984.3773,PROFESIONAL,59
389,30,PUERTA VERDE DE JEREZ DE LA FRONTERA DE LA ERA EMPEDRADA,16165.4752,ALTA,242
390,32,CABO DE TRAFALGAR-CAÑOS DE MECA CALZADA DEHESA BOYAL,16408.8811,PROFESIONAL,274
391,32,EL CARRASCÓN ALBINA,1545.5933,ALTA,85
392,32,PUERTA VERDE DE LA LÍNEA DE LA CONCEPCIÓN DEL ENDRINAL,9216.7229,MUY ALTA,160
393,32,VEGA DEL GUADIARO VERDE DOS BAHIAS. TRAMO I,3630.564,MUY ALTA,146
394,32,CAMINO DE LOS PESCADORES REAL DE JEREZ A RONDA,4594.4004,BAJA,229
395,32,SILLA DEL PAPA DE LA ERA EMPEDRADA,10456.9775,BAJA,143
396,32,ARROYO DE VALDEINFIERNO DEL CALVARIO,9513.7866,MUY ALTA,192
397,32,CERRO DEL AGUILA PINAR DEL REY AURELIA,2333.0359,MUY ALTA,110
398,32,SALINA SANTA MARÍA DE JESÚS ALBINAS,19352.0092,MEDIA,241
399,32,ZONA RECREATIVA PINAR DEL REY TESORILLO,11491.2757,BAJA,226
400,32,GR-7 VERDE DE LA SIERRA,17149.6036,MUY BAJA,160
401,32,EL CABRITO - PUERTO DEL BUJEO CALZADA ROMANA,19431.687,MUY BAJA,92
402,32,LA MONTERA DEL TORERO DEL BOYAR,18898.6599,ALTA,288
403,32,MEANDROS DEL GUADALETE ALBINAS,13298.087,MUY ALTA,85
404,32,LA PEÑA VERDE DE SAN FERNANDO,11718.5985,MEDIA,214
405,33,LA CALZADA DEHESA BOYAL GANADERAS DE JIMENA,10069.7603,ALTA,272
406,33,SIERRA DE LAS VIÑAS RURALES DE BENALUP-CASAS VIEJAS,2185.0079,MUY ALTA,79
407,33,COMPLEJO ENDORREICO DE CHICLANA TESORILLO,13978.8899,ALTA,72
408,33,COLADA DE FUENTE AMARGA VERDE DE LA SIERRA,14357.5247,MEDIA,106
409,33,ALBERITE DE GAIDOVAR,2212.1649,ALTA,167
410,33,PUERTO DEL BUJEO - HOYO DE DON PEDRO AL TAJO DE UTRERA,15423.0498,MUY BAJA,116
411,33,RÍO HOZGARGANTA HONDO,2792.495,MEDIA,179
412,33,CORREDOR VERDE DEL LITORAL COSTA BALLENA-CHIPIONA DE LOS PALOMINOS,4031.7809,MUY ALTA,207
413,33,CALAS DE CONIL TREN DEL AZÚCAR,2323.5698,PROFESIONAL,100
414,33,CERRO DEL RAYO DE EL BOSQUE-CAMINO DEL ESPINO,2866.005,ALTA,109
415,33,CAMINO DE CHAVARRIA ,9770.4702,PROFESIONAL,219
416,33,PICACHO-PEGUERA DEL CABRERO,10257.5601,MUY BAJA,211
417,33,CAMINO ALTO DE EL BOSQUE ERMITA Y EL SANTO,1492.4647,MUY BAJA,48
418,33,LAS PLATERAS DEL RATÓN,6363.8222,PROFESIONAL,251
419,33,LA MUELA-LOS NACIMIENTOS DEL LITORAL DE ROTA,19260.3598,BAJA,296
420,34,SENDA DE LOS PRISIONEROS VERDE DE LA SIERRA,6222.3115,ALTA,47
421,34,VÍA VERDE DE LA COSTA NOROESTE DE TRAFALGAR-CONIL DE LA FRONTERA,11079.2265,MUY BAJA,265
422,34,FRONTERA FORESTAL ,4574.6421,MUY ALTA,50
423,34,SIERRAS DEL RETÍN Y LA PLATA DEL ALJIBE,6057.0577,PROFESIONAL,102
424,34,CORREDOR VERDE DOS BAHIAS. TRAMO IV DE LA CAÑADA DE MÁLAGA,8782.3358,BAJA,49
425,34,LOS ALGARBES-BETIJUELO VERDE DE LA SIERRA,17886.7039,ALTA,73
426,34,PUNTA DEL BOQUERÓN DEL EMBALSE DE BORNOS,15370.1506,PROFESIONAL,283
427,34,RUTA DE LA PLAYA DE LA BARROSA LLANOS DEL BERRAL,13888.3379,MUY BAJA,215
428,34,SILLA DEL PAPA TORUÑOS,13845.4315,BAJA,161
429,34,SILLA DEL PAPA DE EL BOSQUE-CAMINO DEL ESPINO,10192.0242,MEDIA,67
430,34,LA MONTERA DEL TORERO DEL BACINETE,8291.0403,BAJA,54
431,34,CORREDOR VERDE DEL PARQUE DE LAS CAÑADAS TRES PINOS,14253.3932,ALTA,213
432,34,LA ERMITA Y EL SANTO A LA CRUZ DEL TAJO DE UBRIQUE,14076.6609,MUY ALTA,201
433,34,PUERTA VERDE DE JEREZ DE LA FRONTERA DEL PILAR,3235.8523,BAJA,42
434,34,VILLALUENGA-NAVAZOS DE CAOS DEL DORNAJO,9632.3357,MUY BAJA,223
435,35,LOS ALGARBES-BETIJUELO DE LAS MOCITAS,17231.9005,MEDIA,298
436,35,COLADA DE LA COSTA DEL DESCANSADERO,6310.2533,ALTA,102
437,35,PASEO AL SANTUARIO DE NUESTRA SEÑORA DE LOS SANTOS CAMARINAL,17626.8458,BAJA,291
438,35,CORREDOR VERDE DOS BAHIAS. TRAMO I VERDE DE LA SIERRA,5011.4667,ALTA,156
439,35,RÍO GUADALMESÍ ,13388.7978,BAJA,189
440,35,VALLE DE OJÉN VIAJE EN EL TIEMPO,17270.2107,PROFESIONAL,235
441,35,COLA DEL EMBALSE DE BORNOS ACANTILADO,18217.2849,MUY BAJA,218
442,35,SALINAS Y MARISMAS DE TREBUJENA DEL RAYO,1343.6219,MUY ALTA,181
443,35,RUTA DE LOS BANDOLEROS VERDE DEL PUERTO DE SANTA MARÍA,2033.5261,MUY BAJA,105
444,35,LOMA DE SAN BARTOLOMÉ ACANTILADO,16353.7808,MEDIA,158
445,35,PRESA DEL FRESNILLO DE FATES,16524.9203,BAJA,275
446,35,CAMINO DEL PILAR DEL ARROYO DE LA GARGANTA DEL BOYAR,10210.964,BAJA,193
447,35,CORREDOR VERDE DOS BAHIAS. TRAMO I ALMORAIMA,9214.6603,MUY ALTA,159
448,35,RIO MAJACEITE AL CERRO VERDUGO,12396.3273,PROFESIONAL,260
449,35,LAGUNA DE MEDINA DE TRAFALGAR-CONIL DE LA FRONTERA,14054.1572,MEDIA,299
450,36,MARISMAS DEL RÍO PALMONES DE LOS REMEDIOS,16204.4121,ALTA,224
451,36,LOMO DEL JUDÍO FRONTERIZO,15921.8318,MUY ALTA,247
452,36,LOS LANCES DEL FRESNILLO,4144.4261,PROFESIONAL,224
453,36,FRONTERA FORESTAL GANADERAS DE JIMENA,14786.2655,ALTA,139
454,36,DE PUNTA CARNERO A GETARES VERDE DOS BAHIAS. TRAMO II,2362.7775,MEDIA,161
455,36,RUTA DEL VIAJERO DEL DORNAJO,7791.0363,BAJA,147
456,36,CERRO DE LOS BATANES ROCHE,9684.2754,PROFESIONAL,40
457,36,CANUTO DE RISCO BLANCO CARRASCÓN,13747.0499,MEDIA,108
458,36,LA SUARA ALGAIDA,10803.3272,MUY BAJA,62
459,36,RUTA DEL VIAJERO DE LOS TOLLOS,16463.4767,ALTA,37
460,36,GARGANTA DE MILLAN DEL RAYO,2339.6523,MUY BAJA,200
461,36,DUNAS DE SAN ANTÓN TOLETA,7714.4099,MUY ALTA,225
462,36,PUERTO DE BOLONIA-PULIDO ALHAJA,17920.3208,ALTA,208
463,36,SILLA DEL PAPA DEL DESCANSADERO,9427.0148,PROFESIONAL,172
464,36,SENDA DE LOS PRISIONEROS DE ARCOS,7018.2213,ALTA,223
465,37,CAMINO DE LA ERA EMPEDRADA ROCHE,9849.1257,BAJA,240
466,37,PUERTO DE LAS PALOMAS - CERRO DE COROS VERDE DE CHICLANA,9057.7299,ALTA,125
467,37,ARROYOMOLINOS DE LOS HURONES,8427.6706,MUY ALTA,258
468,37,BAHÍA DE CÁDIZ DEL BOQUERÓN,1059.1144,MUY BAJA,217
469,37,PINAR DE LOS FRANCESES DE SAN BARTOLOMÉ,1556.0852,PROFESIONAL,135
470,37,SUBIDA AL CERRO VERDUGO REAL DE JEREZ A RONDA,19641.0596,ALTA,113
471,37,PUERTA VERDE DE SAN FERNANDO VERDE DE SAN ROQUE,13848.5826,BAJA,175
472,37,ZAHARA DE LOS ATUNES-ATLANTERRA DE LOS REMEDIOS,19597.4626,MUY ALTA,124
473,37,LAGUNA DE MEDINA AL CERRO ALBARRACINEJO,7068.3735,MUY BAJA,164
474,37,LOS LANCES AL TAJO DE UTRERA,8142.9306,ALTA,99
475,37,PARQUE FLUVIAL DEL RÍO PÍCARO AMIGOS - RÍO ARILLO,15108.8963,MUY BAJA,278
476,37,SALINA LA TAPA DEL RAYO,11015.0564,MUY BAJA,220
477,37,RÍO GUADALMESÍ LADERA,11236.3943,MEDIA,70
478,37,TRES AMIGOS - RÍO ARILLO DE LÍBAR,18180.546,BAJA,116
479,37,MARISMAS DEL BARBATE DEL BACINETE,12930.4365,MUY BAJA,62
480,38,VÍA VERDE DE LA SIERRA VERDE DE ALGECIRAS,11559.6766,PROFESIONAL,231
481,38,FUENTES DEL RÍO HONDÓN MAJACEITE,1505.1884,ALTA,98
482,38,CAMINOS RURALES DE ROTA DE LOS ATUNES-ATLANTERRA,1101.3904,BAJA,188
483,38,CAMINO DE LA ERA EMPEDRADA DE BARRIDA,8555.9192,PROFESIONAL,62
484,38,RUTA DEL VIAJERO GUADALMESÍ,16788.321,MEDIA,200
485,38,SUBIDA AL TAJO DE UTRERA DE LUZ,9028.5331,ALTA,84
486,38,CABO DE TRAFALGAR-CONIL DE LA FRONTERA VERDE DEL PUERTO DE SANTA MARÍA,1961.8708,ALTA,215
487,38,PUENTE DE LOS PALOMINOS A LA CRUZ DEL TAJO DE UBRIQUE,10846.4464,ALTA,186
488,38,MONTE DE HIGUERÓN DE BOLONIA,5362.2794,ALTA,50
489,38,PICACHO-PEGUERA DEL EMBALSE DE BORNOS,11588.318,MUY BAJA,136
490,38,PINAR DE LA ALGAIDA-SALINA DESAMPARADOS DE ALGECIRAS,9134.6033,MUY BAJA,133
491,38,TORRE DE LA MORITA DEL RAYO,18257.3145,MUY ALTA,32
492,38,ALGODONALES-LOS NACIMIENTOS DEL RAYO,12184.1493,MUY BAJA,244
493,38,SUBIDA A LA CRUZ DEL TAJO DE UBRIQUE ,18582.9061,MUY ALTA,43
494,38,NAVAZO ALTO DE LOS REMEDIOS,7097.3339,MUY ALTA,284
495,40,PUERTA VERDE DE SAN ROQUE VERDE DOS BAHÍAS,6033.02,MEDIA,167
496,40,PUERTA VERDE DE SAN FERNANDO LAGARÍN,7165.1336,MUY ALTA,103
497,40,RIBERA DEL EMBALSE DE BORNOS DEL BOYAL- LA SUARA,13655.2883,ALTA,284
498,40,LA MUELA-LOS NACIMIENTOS DE ZAFRAMAGÓN,3934.2206,PROFESIONAL,211
499,40,LA GARGANTE VERDE CALZADA ROMANA,8371.9258,ALTA,211
500,40,NACIMIENTO DE GARCIAGO DE LÍBAR,18421.5337,MUY ALTA,38
501,40,VEREDA DE LA ASOMADA ALHAJA,1813.162,BAJA,55
502,40,SUBIDA AL CERRO VERDUGO DEL RINCONCILLO,13106.4335,MUY BAJA,139
503,40,CALAS DE ROCHE Y TAJO,2272.9872,MUY ALTA,267
504,40,ALGODONALES-LOS NACIMIENTOS DE PALMITOS Y BARBECHOS,3957.5923,MUY ALTA,216
505,40,VEJER DE LA FRONTERA-CANTARRANAS DEL CENTENARIO,2695.4779,MUY BAJA,142
506,40,CAMINOS RURALES DE ROTA DE ALGECIRAS,4877.8522,MUY BAJA,113
507,40,LOS ALGARBES-BETIJUELO DE LA FUENTE SANTA,10150.7513,MEDIA,138
508,40,COLADA DE FUENTE AMARGA VERDE DE SAN ROQUE,5793.8797,ALTA,131
509,40,TRES AMIGOS - RÍO ARILLO ALBINA,2811.5538,MEDIA,135
510,41,SALINA SANTA MARÍA DE JESÚS DE LOS MARCHANTES,1112.8283,MEDIA,184
511,41,GR-7 DE BENAJIMA,18507.048,MUY ALTA,149
512,41,ASCENSO AL TAJO LAGARÍN REAL DE JEREZ A RONDA,4486.6131,BAJA,96
513,41,VEREDA DE LA VENTA DEL SILLETERO DEL MOLINO,6468.7784,ALTA,138
514,41,FÁBRICAS DE LUZ AL CERRO VERDUGO,15005.5462,PROFESIONAL,70
515,41,PUERTO DE BOLONIA-PULIDO DEL EMBALSE DE ARCOS,19830.3601,MUY ALTA,100
516,41,CANTARRANAS-CORREDOR VERDE DOS BAHÍAS TESORILLO,6198.431,MEDIA,141
517,41,MOJÓN DE LA VÍBORA ALBINA,15160.0768,MEDIA,216
518,41,ARROYOMOLINOS DE MECA,19149.1005,BAJA,118
519,41,CAMINO DE LOS CHARCONES CARRASCÓN,10853.2974,MUY ALTA,101
520,41,CONIL DE LA FRONTERA-VEJER DE LA FRONTERA DE LA COSTA,19187.999,ALTA,71
521,41,PIEDRA PARDA DEL RAYO,9128.1682,MUY BAJA,190
522,41,CERRO DE LOS BATANES DE LA FRONTERA-VEJER DE LA FRONTERA,2809.2319,PROFESIONAL,52
523,41,PICACHO-PEGUERA VERDE DEL PUERTO DE SANTA MARÍA,5590.3036,MUY BAJA,65
524,41,TAVIZNA-EMBALSE DE LOS HURONES DE LOS REMEDIOS,9234.7749,MUY ALTA,62
525,42,GARGANTA DE LA FUENTE SANTA PLATERAS,6985.9427,MEDIA,257
526,42,GARGANTA DEL RAYO DE ESPERILLA,8122.8111,MUY BAJA,267
527,42,PUERTA VERDE DEL PUERTO DE SANTA MARÍA DE CAMINOS,19386.9338,MEDIA,30
528,42,CAMINO DE LOS CHARCONES DE LA FRONTERA-VEJER DE LA FRONTERA,18544.4723,MUY ALTA,151
529,42,EL TESORILLO DE LOS REMEDIOS,1708.0852,BAJA,162
530,42,LAS LOMAS DE CÁMARA CALZADA DEHESA BOYAL,1179.8289,ALTA,135
531,42,CAMINO DEL GRULLO A LA CRUZ DEL TAJO DE UBRIQUE,18533.8827,MEDIA,133
532,42,LOMAS GANADERAS DE JIMENA DE LA COSTA,7758.4073,MUY BAJA,201
533,42,FUENTE DE RAMOS ALMORAIMA,9855.0695,MUY ALTA,280
534,42,SIERRA DE MONTECOCHE DEL RABEL,17243.7273,MUY BAJA,236
535,42,TAJO DEL PAJARRACO DE TRAFALGAR-CONIL DE LA FRONTERA,5218.9775,PROFESIONAL,152
536,42,SISTEMA DUNAR DE TORRE NUEVA VERDE DOS BAHÍAS,10960.9806,MUY ALTA,129
537,42,SIERRA DE LAS VIÑAS DE ESPERA,10259.8477,ALTA,277
538,42,CAMINO DE CALAFATE SECA Y PUERTO DE LA BREÑA,2476.0201,PROFESIONAL,159
539,42,BARBATE-ERMITA DE SAN AMBROSIO AL PICO ALBARRACÍN,4441.718,ALTA,266
540,43,"CALAS DE ROCHE SALADA, CHICA Y JUNCOSA""",8257.7574,MEDIA,135
541,43,VALLE DE OJÉN DE LOS BANDOLEROS,19553.3634,MUY ALTA,239
542,43,DESCENSO DEL ARROYO DE LA GARGANTA DEL BOYAR DE ROCHE,16162.8389,MUY ALTA,235
543,43,NAVAZO ALTO DEL DORNAJO,16204.6,MEDIA,31
544,43,COVEZUELAS-CHARCA VERDE DE LOS MOLINOS DE SETENIL,11925.6338,MEDIA,179
545,43,MARISMAS DEL RÍO PALMONES CAÑILLO,16805.637,PROFESIONAL,263
546,43,CAÑADA REAL DE CORDERO ZAHARA - EL GASTOR,13143.2267,MUY ALTA,291
547,43,LA MUELA-LOS NACIMIENTOS DEL RAYO,9455.9978,PROFESIONAL,188
548,43,LA ATALAYA DE LAS VIÑAS,16267.792,BAJA,262
549,43,BUITRERAS DE ZAFRAMAGÓN VERDE DE SANLÚCAR DE BARRAMEDA,17185.6684,BAJA,136
550,43,SALINA DE LA ESPERANZA DE VALDEINFIERNO,19979.2316,BAJA,33
551,43,LAGUNA DE BENAJIMA DE LOS MARCHANTES,2143.6898,MUY BAJA,244
552,43,LA ALBINA DE SAN ANTÓN,2154.5825,ALTA,238
553,43,LAS LOMAS DE CÁMARA GANADERAS DE JIMENA,10836.0057,MEDIA,70
554,43,VÍA VERDE MATAGORDA VERDE DOS BAHIAS. TRAMO IV,11979.547,MUY ALTA,68
555,44,RÍO ROCINEJO DE LOS BANDOLEROS,6016.2822,MUY ALTA,110
556,44,VEREDA DE BARBATE MUELA-LOS NACIMIENTOS,15846.1816,MUY BAJA,196
557,44,CALLEJÓN DE LAS MOCITAS DEL BACINETE,16515.4632,MEDIA,294
558,44,VÍA VERDE DE BORNOS GUADALMESÍ,3833.891,BAJA,179
559,44,CASA DEL DORNAJO DE LAS MOCITAS,8840.4941,PROFESIONAL,226
560,44,LAS GUAREÑAS - PASADA DEL BOYAL AL MOGOTE,13840.369,MEDIA,232
561,44,LA LADERA CALZADA DEHESA BOYAL,14335.5423,MEDIA,55
562,44,LA TEJA VERDE DE BORNOS,12193.6767,MUY ALTA,190
563,44,RIO MAJACEITE PLATERAS,11413.0003,PROFESIONAL,234
564,44,LA HERRADURA DE BARBATE TREN DEL AZÚCAR,15975.3944,MUY BAJA,201
565,44,COLA DEL EMBALSE DE BORNOS AL RELOJ Y AL SIMANCÓN,9021.9455,MEDIA,134
566,44,PIEDRA PARDA DE LA ASOMADA,1850.3284,MUY ALTA,123
567,44,CERRO DE LA PLAZA DE ARMAS DE ROCHE,14355.1244,MUY BAJA,231
568,44,CERRO DEL AGUILA PINAR DEL REY ENDORREICO DE CHICLANA,3820.0077,ALTA,221
569,44,COLA DEL EMBALSE DE ARCOS DE TRAFALGAR-CAÑOS DE MECA,2681.2482,MUY ALTA,79
570,46,DUNAS DE SAN ANTÓN HERRADURA DE BARBATE,19123.0977,MEDIA,273
571,46,CERRO DEL ÁGUILA HONDO,5138.1573,MUY BAJA,94
572,46,FUENTES DEL RÍO HONDÓN ANTIGUA LAGUNA DE LA JANDA,12088.1381,MEDIA,255
573,46,LA BODEGA PLATERAS,9418.0995,MEDIA,231
574,46,RIO MAJACEITE DE LAS PALOMAS - CERRO DE COROS,7592.7944,MEDIA,247
575,46,SUBIDA AL TAJO DE UTRERA SUARA,5239.4285,BAJA,296
576,46,PASEO AL SANTUARIO DE NUESTRA SEÑORA DE LOS SANTOS ACANTILADO,13398.3725,MUY BAJA,158
577,46,MONTE ALGAIDA DE RAMOS,17929.9952,MUY ALTA,264
578,46,SIERRA DE MONTECOCHE ,9379.0883,MEDIA,237
579,46,CAMINOS RURALES DE ROTA DE BOLONIA-PULIDO,1296.4497,PROFESIONAL,213
580,46,QUINTAS DE ALGAR SALTILLO,1293.9101,PROFESIONAL,32
581,46,CAÑADA REAL LOS RATONES RURALES DE ROTA,7556.8598,MUY BAJA,45
582,46,ESCARPES DEL RIO TREJO ,18018.248,PROFESIONAL,131
583,46,NAVAZO ALTO DE LA ESPERANZA,14120.9197,MEDIA,295
584,46,COLADA DE VENTA DE LECHE DEL EMBALSE DE BORNOS,6861.8812,MEDIA,32
585,47,MURTA GUADALMESÍ,5304.2209,ALTA,177
586,47,"""LAGUNAS SALADA, CHICA Y JUNCOSA"" ",11760.46,BAJA,227
587,47,LAS LOMAS DE CÁMARA ALBINAS,14644.4742,ALTA,49
588,47,EL SALTADERO DE CÁDIZ,17402.7768,MEDIA,162
589,47,SUBIDA AL CERRO VERDUGO DE MONTECOCHE,2818.3009,MEDIA,275
590,47,ANTIGUA SALINA-FANGOS MAREALES DEL RÍO BARBATE DE LA COSTA,6195.901,BAJA,136
591,47,LA CALZADA ROMANA PLATERAS,14070.1221,MUY ALTA,73
592,47,CORREDOR VERDE DOS BAHIAS. TRAMO IV AL MOGOTE,9447.9524,ALTA,147
593,47,PINAR DE LOS FRANCESES DE LAS VIÑAS,1673.0685,MUY ALTA,217
594,47,DUNAS DE SAN ANTÓN DE MONTECOCHE,8691.4822,ALTA,227
595,47,LA LADERA A LA SILLA,13818.8447,MEDIA,238
596,47,PUERTO DE BOLONIA-PULIDO LAGARÍN,13772.3811,ALTA,103
597,47,SUBIDA AL ALJIBE DE ALGAR,14162.9074,PROFESIONAL,289
598,47,CONIL DE LA FRONTERA-VEJER DE LA FRONTERA DE BENAJIMA,7424.0689,MUY ALTA,248
599,47,LOMA DE SAN BARTOLOMÉ RURALES DE BENALUP-CASAS VIEJAS,7797.749,PROFESIONAL,209
600,49,PINAR DE LOS FRANCESES DE GAIDOVAR,4634.9435,MUY BAJA,261
601,49,LAS FUENTES ALTA,2389.9261,MUY ALTA,182
602,49,CORREDOR VERDE DEL LITORAL COSTA BALLENA-CHIPIONA DE SAN ANTÓN,3168.9739,MUY BAJA,298
603,49,VÍA VERDE MATAGORDA DE LAS PALOMAS - CERRO DE COROS,12827.86,MUY ALTA,129
604,49,LAGUNAS LAS CANTERAS Y EL TEJÓN VERDE DE SAN ROQUE,4798.3489,ALTA,286
605,49,MONTE DE LA TORRE DE MONTECOCHE,6651.5843,MEDIA,216
606,49,CAMINO DE CALAFATE PALANCAR,13609.1498,MUY ALTA,274
607,49,EL TREN DEL AZÚCAR DE FUENTE AMARGA,10796.1101,MUY ALTA,102
608,49,COLADA DE FUENTE AMARGA CARRASCÓN,14103.3086,PROFESIONAL,260
609,49,RUTA DE LOS MOLINOS DE SETENIL DE ROCHE,15826.6037,BAJA,155
610,49,BUITRERAS DE ZAFRAMAGÓN DE RAMOS,10598.1858,MUY ALTA,95
611,49,VEREDA DE UBRIQUE - ASOMADILLA AL PICACHO,13020.792,BAJA,167
612,49,PICACHO-PEGUERA DEL ARROYO ALGAMASILLA,8738.3211,MUY ALTA,133
613,49,LAGUNA DE MEDINA DEL JUDÍO,6620.7084,MUY ALTA,139
614,49,SIERRA DE LAS VIÑAS DE RAMOS,8463.962,BAJA,84
615,50,CAMPOBUCHE VERDE DE SANLÚCAR DE BARRAMEDA,11005.7736,MUY ALTA,207
616,50,OCURI DEL ARROYO ALGAMASILLA,6267.9927,MUY BAJA,264
617,50,GARGANTA DE BARRIDA DUNAR DE TORRE NUEVA,19644.1281,ALTA,119
618,50,RUTA ZAHARA - EL GASTOR ALHAJA,14093.5164,BAJA,178
619,50,SALINAS DEL RATÓN DEL ÁGUILA,3266.1556,MUY BAJA,49
620,50,RUTA DE LA PLAYA DE LA BARROSA ,5520.9005,MUY ALTA,204
621,50,ARROYO CAÑUELO A LA SILLA,9731.4686,MUY BAJA,206
622,50,RIO MAJACEITE CABRITO - PUERTO DEL BUJEO,1145.0914,BAJA,273
623,50,MONTE ALGAIDA PLATERAS,19953.9981,MEDIA,297
624,50,RUTA DE LOS BANDOLEROS DEL GUADALETE,4530.4206,MEDIA,193
625,50,NACIMIENTO DE GARCIAGO FRONTERIZO,18641.4727,MEDIA,266
626,50,DUNAS DE SAN ANTÓN CALZADA DEHESA BOYAL,17911.8261,MUY BAJA,34
627,50,LA PRESA DEL EMBALSE DE BARBATE CARBONEROS,6927.9623,MUY BAJA,55
628,50,CORREDOR VERDE DOS BAHIAS. TRAMO I DEL RATÓN,17182.3834,MUY ALTA,187
629,50,LOS ALGARBES-BETIJUELO PEÑA,11046.5813,MUY ALTA,145
630,51,PUERTA VERDE DE SAN FERNANDO VERDE DOS BAHÍAS,8407.3534,MEDIA,175
631,51,LOS PUENTES ROMANOS DE MEDINA SIDONIA TORUÑOS,3314.7676,PROFESIONAL,224
632,51,RIBERA DEL PALMONES DEL ENDRINAL,7726.6716,BAJA,214
633,51,ARROYOMOLINOS DUNAR DE TORRE NUEVA,3834.9401,MUY ALTA,95
634,51,ALGODONALES-LOS NACIMIENTOS DE MONTECOCHE,13829.8211,BAJA,245
635,51,CERRO DEL CHARCO LADERA,12211.3354,PROFESIONAL,197
636,51,DOLMEN DE LOS LAJARES Y CANCHA BERMEJA DOLORES,14913.8208,BAJA,217
637,51,PASEO DE LOS POZOS DEL RATÓN,14681.0811,MUY BAJA,98
638,51,ZAHARA DE LOS ATUNES-ATLANTERRA DEL RAYO,1194.7107,ALTA,258
639,51,ARROYO DEL DESCANSADERO DE LÍBAR,1533.5519,BAJA,249
640,51,COLA DEL EMBALSE DE BORNOS DEL PALMONES,1464.9516,MEDIA,118
641,51,PUNTA DEL BOQUERÓN VERDE DOS BAHIAS. TRAMO III,10037.7789,MUY ALTA,228
642,51,COLADA DE LA REGINOSA CALZADA ROMANA,10328.6488,MUY ALTA,297
643,51,FRONTERA FORESTAL DEL RÍO HONDÓN,2590.3396,BAJA,165
644,51,PUERTO DEL BUJEO - HOYO DE DON PEDRO DE LAS VIÑAS,17086.8225,ALTA,284
645,53,SALTO DEL CABRERO DE BENAJIMA,1663.2834,PROFESIONAL,215
646,53,CAMINO DE LAS SALINAS DE LA PLAYA DE LA BARROSA,2576.3305,PROFESIONAL,49
647,53,PUERTA VERDE DE SAN FERNANDO DE BOLONIA,1500.4344,MUY ALTA,142
648,53,LA MESA DEL ESPARRAGAL EXTENSA VEGA DE BORNOS,11280.7383,MUY ALTA,41
649,53,LAS GUAREÑAS - LA SUARA PRESA DEL EMBALSE DE BARBATE,11275.5493,MUY BAJA,271
650,53,LLANOS DEL ENDRINAL DE BOLONIA-PULIDO,2461.1704,MEDIA,240
651,53,OJO DEL MORO DE LAS PRESILLAS,2832.2428,MUY ALTA,233
652,53,CORREDOR VERDE DEL PARQUE DE LAS CAÑADAS DEL BACINETE,9159.3054,ALTA,283
653,53,SALINA SANTA MARÍA DE JESÚS EXTENSA VEGA DE BORNOS,12310.9728,PROFESIONAL,140
654,53,SUBIDA AL MOGOTE ROCHE,18196.713,ALTA,130
655,53,ESTUARIO DEL GUADIARO DEL EMBALSE DE ARCOS,16237.5803,MEDIA,54
656,53,PUERTA VERDE DE SAN FERNANDO DE MONTECOCHE,14107.8823,ALTA,269
657,53,RUTA DE LOS MOLINOS ALGAIDA,10526.7982,ALTA,222
658,53,COLADA DE LA COSTA DEL MOLINO,12533.3076,MEDIA,276
659,53,PUERTA VERDE DE JEREZ DE LA FRONTERA DE FUENTE AMARGA,17513.8092,MUY BAJA,196
660,54,FARO CAMARINAL Y TAJO,13572.7353,MUY BAJA,196
661,54,PRESA DEL FRESNILLO ,5921.7292,MUY ALTA,265
662,54,SALINAS Y MARISMAS DE TREBUJENA MAJACEITE,15389.1779,MEDIA,133
663,54,GARGANTA SECA Y PUERTO DE LA BREÑA DEL BOQUERÓN,7952.6268,MEDIA,30
664,54,COLADA DE FUENTE AMARGA PLATERAS,10970.1121,BAJA,50
665,54,CALAS DE ROCHE DE LOS PESCADORES,13034.0392,PROFESIONAL,292
666,54,RUTA DE LA PLAYA DE LA BARROSA DE LOS POZOS,15823.9866,MUY BAJA,291
667,54,FUENTES DEL RÍO HONDÓN HOZGARGANTA,6099.0226,MUY ALTA,289
668,54,PUERTO DE BOLONIA-PULIDO DE BOGAS,5209.7069,MEDIA,181
669,54,VALLE DE OJÉN DE LA TORRE,17249.1326,MUY ALTA,127
670,54,ALGODONALES-LOS NACIMIENTOS MAJACEITE,4167.2499,ALTA,56
671,54,FÁBRICAS DE LUZ LOMAS DE CÁMARA,7254.7619,MEDIA,274
672,54,LAS FUENTES AL PICO ALBARRACÍN,7459.305,BAJA,162
673,54,CORDEL DE LOS MARCHANTES DEL AGUILA PINAR DEL REY,13822.1716,MEDIA,206
674,54,LA ALBINA ALBINA,14771.5902,MUY BAJA,190
675,56,VEREDA DE LA VENTA DEL SILLETERO VERDE DE CHICLANA,18975.3059,BAJA,60
676,56,LA ALBINA DE PUERTO OSCURO,6138.7925,BAJA,75
677,56,COLADA DE EL BOSQUE-CAMINO DEL ESPINO AL SANTUARIO DE NUESTRA SEÑORA DE LOS SANTOS,2545.8424,BAJA,182
678,56,LAS PLATERAS AL PICACHO,8767.5392,ALTA,116
679,56,CALZADA MEDIEVAL DE GRAZALEMA DE LOS PRISIONEROS,19766.3122,MUY BAJA,193
680,56,LA LADERA REAL LOS RATONES,16943.9572,PROFESIONAL,110
681,56,GARGANTA DE BARRIDA ALMORAIMA,8094.7988,MUY ALTA,257
682,56,RIBERA DEL EMBALSE DE BORNOS DE LOS PALOMINOS,11168.8819,MEDIA,123
683,56,LAS AGUILILLAS - LAS GUAREÑAS DEL BOQUERÓN,19491.2135,ALTA,137
684,56,COLADA DE LA COSTA REAL LOS RATONES,18709.9883,MEDIA,233
685,56,CAÑOS-TORRE DE MECA DE VALDEINFIERNO,3943.1338,ALTA,278
686,56,GARGANTA DE PUERTO OSCURO DE LA FRONTERA-VEJER DE LA FRONTERA,14267.7559,MUY BAJA,42
687,56,LA CALZADA ROMANA DE ARCOS,4676.9243,MUY BAJA,130
688,56,CAMINO ALTO DE EL BOSQUE DE LOS PESCADORES,9431.6684,MUY BAJA,250
689,56,LA MUELA-LOS NACIMIENTOS DE LOS TOLLOS,14452.7955,MUY ALTA,205
690,57,PUERTO DE BOLONIA-PULIDO DE ARCOS,8032.5714,ALTA,96
691,57,ROJITAN VIAJE EN EL TIEMPO,10661.8691,MUY ALTA,90
692,57,FÁBRICAS DE LUZ LAS CANTERAS Y EL TEJÓN,5942.7387,MUY BAJA,216
693,57,BENALUP-FACINAS DE FUENTE AMARGA,4565.1325,PROFESIONAL,68
694,57,CAÑADAS DE LA JANDA DE LA SIERRA DE LAS CABRAS,9136.9273,ALTA,177
695,57,NACIMIENTO DE GARCIAGO DE GAIDOVAR,9078.75,MEDIA,120
696,57,CERRO DE LOS BATANES LAS CANTERAS Y EL TEJÓN,7402.4333,PROFESIONAL,129
697,57,CAMINO DE LAS SALINAS BODEGA,18589.3078,PROFESIONAL,119
698,57,PINAR DE LOS FRANCESES VERDE DOS BAHIAS. TRAMO I,6368.4991,BAJA,156
699,57,CAÑADAS DE LA JANDA VERDE DE BORNOS,16914.6249,MUY BAJA,140
700,57,ENCRUCIJADA DE CAMINOS ROCHE,1964.5366,MUY ALTA,50
701,57,LA MUELA-LOS NACIMIENTOS AL RELOJ Y AL SIMANCÓN,5417.7768,MUY ALTA,247
702,57,LAS AGUILILLAS - LAS GUAREÑAS DE FARDELA,6665.0672,MUY ALTA,194
703,57,PASADA DEL BOYAL- LA SUARA DE LOS PALOMINOS,4659.7,ALTA,194
704,57,LOS LANCES DEL BUJEO - HOYO DE DON PEDRO,6764.8545,MUY BAJA,53
705,58,VILLALUENGA-NAVAZOS DE CAOS PEÑA,13736.347,BAJA,67
706,58,RUTA DE LOS BANDOLEROS DE LAS PRESILLAS,17427.5848,MEDIA,147
707,58,CERRO DEL ÁGUILA SALTADERO,6313.0383,ALTA,189
708,58,EL CARRASCÓN DEL LITORAL DE ROTA,13825.6971,BAJA,55
709,58,SIERRA DE LAS VIÑAS AL CERRO PICACHO DE PUERTO SERRANO,19706.621,MEDIA,250
710,58,CORREDOR VERDE DOS BAHIAS. TRAMO IV GUADALMESÍ,5062.3269,ALTA,99
711,58,LA CALZADA ROMANA ,4447.6053,MUY BAJA,37
712,58,LA MENACHA DE MORÓN-MIRADOR DE LAS TOSCAS,15813.6692,MUY ALTA,276
713,58,PUERTA VERDE DE SAN FERNANDO DE LA PLAZA DE ARMAS,3106.1346,MEDIA,137
714,58,GARGANTA DE PUERTO OSCURO DEL RAYO,12180.7833,MEDIA,272
715,58,LOS ALGARBES-BETIJUELO FRONTERIZO,5367.2579,BAJA,127
716,58,NAVAZO ALTO PEDRIZA,4435.3196,MUY ALTA,66
717,58,CAÑADAS DE LA JANDA SETENIL A CAÑOS SANTOS,13761.4986,MUY ALTA,37
718,58,SIERRA DEL CALVARIO DEL CALVARIO,3741.2489,ALTA,145
719,58,ESTUARIO DEL GUADIARO DE ZAFRAMAGÓN,2222.4934,MUY ALTA,298
720,59,EL PALANCAR ,11666.1205,MUY ALTA,232
721,59,VEREDA DE LA ASOMADA ANTIGUA LAGUNA DE LA JANDA,19988.3556,PROFESIONAL,35
722,59,CERRO DEL CHARCO DEL JUDÍO,15650.4208,PROFESIONAL,218
723,59,CONIL DE LA FRONTERA-VEJER DE LA FRONTERA DE LA TORRE,18195.0777,PROFESIONAL,183
724,59,ZAHARA DE LOS ATUNES-ATLANTERRA DE LA CAÑADA DE MÁLAGA,5300.8779,BAJA,230
725,59,SALINA SANTA MARÍA DE JESÚS TOLETA,14451.0402,MUY ALTA,300
726,59,DUNAS DEL RINCONCILLO VERDE DE SAN ROQUE,1478.6368,ALTA,161
727,59,SISTEMA DUNAR DE TORRE NUEVA Y CAÑADAS DE PRADO DEL REY Y EL BOSQUE,9547.4149,MUY BAJA,86
728,59,SALTO DEL CABRERO CALZADA ROMANA,12678.0788,MUY ALTA,184
729,59,ASCENSO AL TAJO LAGARÍN ,10999.1291,MUY ALTA,67
730,59,LAGUNA DE BENAJIMA DEL LITORAL DE ROTA,5451.8545,MUY ALTA,169
731,59,CERRO DEL TAMBOR FUENTES,19747.075,BAJA,191
732,59,LLANOS DE LÍBAR ALBINA,15754.4736,MUY BAJA,280
733,59,LA TEJA VERDE DOS BAHIAS. TRAMO II,18965.9331,PROFESIONAL,140
734,59,RUTA DE LOS MOLINOS AL PICO ALBARRACÍN,17059.5276,MUY BAJA,173
735,60,MONTE ALGAIDA VERDE DE SAN FERNANDO,10497.3587,ALTA,178
736,60,LAS GUAREÑAS - LA SUARA REAL DE JEREZ A RONDA,18083.5172,BAJA,45
737,60,SALINA DE LA ESPERANZA DE GAIDOVAR,11920.3391,MUY ALTA,58
738,60,COLADA DE LA COSTA DOLORES,3436.0948,MUY ALTA,269
739,60,GARGANTA DE LA FUENTE SANTA DE ESPERILLA,6062.3456,MUY BAJA,103
740,60,CABO DE TRAFALGAR-CAÑOS DE MECA DE MILLAN,13815.5922,BAJA,116
741,60,CAÑADA REAL DE CORDERO DE LA CRUZ DE LA SIERRA DE LIJAR,16185.4566,MEDIA,162
742,60,SALINAS Y CAÑADAS DE PRADO DEL REY Y  EL BOSQUE ,19848.3543,BAJA,271
743,60,EL CANALIZO DE LA SIERRA DE LÍJAR DEL RÍO HONDÓN,9653.0817,MEDIA,113
744,60,CALZADA MEDIEVAL DE GRAZALEMA REAL DE JEREZ A RONDA,9712.0638,BAJA,209
745,60,MEANDROS DEL GUADALETE DE LA CAÑADA DE MÁLAGA,5008.6003,PROFESIONAL,31
746,60,PUERTA VERDE DE CHICLANA DE ALGAR,4122.0921,MEDIA,116
747,60,TAJO DE ARCOS ACANTILADO,3229.6558,PROFESIONAL,52
748,60,CAÑADA REAL DE JEREZ A RONDA DE LA MIEL,5268.0653,MEDIA,100
749,60,CORREDOR VERDE DOS BAHIAS. TRAMO IV ZAHARA - EL GASTOR,11494.2565,PROFESIONAL,246
750,61,DOLMEN DE LOS LAJARES Y CANCHA BERMEJA VENTAS TRASHUMANTES,5253.0129,BAJA,141
751,61,ARROYOMOLINOS DE LA PLAYA DE LA BARROSA,18216.9505,MEDIA,201
752,61,CAMINO ALTO DE EL BOSQUE DEL EMBALSE DE ARCOS,6659.0741,MEDIA,248
753,61,VÍA VERDE DE LA SIERRA PLATERAS,10492.2704,PROFESIONAL,204
754,61,VILLALUENGA-NAVAZOS DE CAOS Y MARISMAS DE TREBUJENA,19789.2689,ALTA,193
755,61,PUERTA VERDE DE SAN FERNANDO MEDIEVAL DE GRAZALEMA,11449.4184,MUY BAJA,190
756,61,CAÑADA REAL DE CORDERO MEDIEVAL DE GRAZALEMA,14054.1103,MUY BAJA,293
757,61,LAGUNA DE BENAJIMA DEL RÍO PALMONES,16116.0384,MUY BAJA,241
758,61,LAGUNAS DE ESPERA DEL ÁGUILA,18961.318,ALTA,186
759,61,CAMPOBUCHE DE LA FRONTERA-VEJER DE LA FRONTERA,2722.9832,BAJA,230
760,61,CAÑOS-TORRE DE MECA DE LAS MOCITAS,8304.428,MUY ALTA,233
761,61,PICACHO-PEGUERA DE SAN ANTÓN,15476.6932,BAJA,136
762,61,LA ATALAYA VERDE DOS BAHIAS. TRAMO I,5626.6975,MUY BAJA,74
763,61,DEL ACANTILADO AL SANTUARIO DE NUESTRA SEÑORA DE LOS SANTOS,13928.4918,MEDIA,269
764,61,SALINAS Y CAÑADAS DE PRADO DEL REY Y  EL BOSQUE DE LA JANDA,16374.6916,MUY BAJA,198
765,63,RÍO GUADALMESÍ ROCINEJO,16195.9655,MEDIA,298
766,63,LA PEÑA CANALIZO DE LA SIERRA DE LÍJAR,9659.367,MEDIA,138
767,63,PUERTO DE BOLONIA-PULIDO ,4834.5423,ALTA,56
768,63,TAJO DE ARCOS VERDE DE LA LÍNEA DE LA CONCEPCIÓN,18290.1533,BAJA,115
769,63,ROJITAN AL PICACHO,12802.0331,BAJA,175
770,63,LAS PLATERAS ATALAYA,2235.3854,BAJA,198
771,63,FRONTERA FORESTAL DE CALAFATE,7174.5986,MUY BAJA,146
772,63,TRAVESIA DEL ALJIBE PLATERAS,7457.3943,MEDIA,297
773,63,CAMINO DE CALAFATE ALGARBES-BETIJUELO,8075.8069,MUY ALTA,107
774,63,QUINTAS DE ALGAR VERDE DOS BAHIAS. TRAMO III,14323.8385,MEDIA,82
775,63,LAS GUAREÑAS - LA SUARA ALHAJA,4752.8467,ALTA,117
776,63,MOJÓN DE LA VÍBORA CARRASCÓN,2329.7121,PROFESIONAL,264
777,63,CERROS DE PALMITOS Y BARBECHOS DEL GUADALETE,9451.2051,ALTA,263
778,63,TORRE GUADALMESÍ DE OJÉN,12601.2102,MUY ALTA,121
779,63,FARO CAMARINAL PEDRIZA,17942.5665,MEDIA,216
780,64,DEHESA DEL BOYAR PUENTES ROMANOS DE MEDINA SIDONIA,14974.344,BAJA,30
781,64,PASEO AL SANTUARIO DE NUESTRA SEÑORA DE LOS SANTOS DE LA VENTA DEL SILLETERO,2527.4831,ALTA,125
782,64,COLADA DE LA COSTA SIERRAS DE ALGODONALES,15909.7879,ALTA,99
783,64,EL TORREÓN GUADALMESÍ,5969.0129,MUY ALTA,93
784,64,LA ATALAYA DE SAN BARTOLOMÉ,8384.1903,BAJA,48
785,64,PARQUE FLUVIAL DEL RÍO PÍCARO DE LAS PALOMAS - CERRO DE COROS,9430.8673,MUY BAJA,194
786,64,EL TORREÓN DEL JUDÍO,4233.1886,MEDIA,62
787,64,GARGANTA SECA Y PUERTO DE LA BREÑA DE LOS CHARCONES,1396.4892,MUY ALTA,238
788,64,COLA DEL EMBALSE DE ARCOS DEL RINCONCILLO,11192.295,MUY BAJA,89
789,64,CERRO DE LA PLAZA DE ARMAS DEL BARBATE,15134.8952,MEDIA,132
790,64,BUITRERAS DE ZAFRAMAGÓN SIERRAS DE ALGODONALES,5528.7004,ALTA,206
791,64,FRONTERA FORESTAL VERDE DOS BAHIAS. TRAMO I,1874.9452,MEDIA,98
792,64,PARQUE DEL CENTENARIO DEL RABEL,9155.3199,BAJA,78
793,64,SUBIDA AL CERRO VERDUGO VERDE DE LA LÍNEA DE LA CONCEPCIÓN,12102.5796,MEDIA,104
794,64,VÍA VERDE DE BORNOS NACIMIENTOS,18814.82,MUY BAJA,202
795,65,PUERTA VERDE DE LA LÍNEA DE LA CONCEPCIÓN TEJA,19398.8801,BAJA,296
796,65,PUERTA VERDE DE JEREZ DE LA FRONTERA DE HIGUERÓN,3155.5898,ALTA,221
797,65,CAÑOS-TORRE DE MECA DE LA MORITA,4578.901,ALTA,104
798,65,VÍA VERDE DE LA SIERRA VERDE DEL LITORAL COSTA BALLENA-CHIPIONA,15449.0229,ALTA,251
799,65,NACIMIENTO DE GARCIAGO QUEBRADAS,17551.6356,ALTA,296
800,65,LAGUNA DE TARAJE Y SAN ANTONIO RURALES DE ROTA,3535.4118,PROFESIONAL,249
801,65,RUTA DE LA PLAYA DE LA BARROSA DEL RAYO,7746.8907,PROFESIONAL,225
802,65,LA PEDRIZA Y TAJO,18212.2221,ALTA,195
803,65,SALINA DE LA ESPERANZA ALTA,15606.1172,MEDIA,94
804,65,ALBERITE DEL PILAR,10295.1994,BAJA,272
805,65,COLADA DE LA REGINOSA DE LOS HURONES,18746.8616,MEDIA,233
806,65,LA PEÑA DE LA VÍBORA,8384.0096,MUY ALTA,226
807,65,RUINAS DE ESPERILLA DEL TAMBOR,1452.2972,MEDIA,84
808,65,CORREDOR VERDE DEL LITORAL COSTA BALLENA-CHIPIONA ,10882.7318,ALTA,118
809,65,CAMINO DE LA ERA EMPEDRADA DEL FRESNILLO,17239.8506,BAJA,274
810,67,CERRO DEL ÁGUILA GANADERAS DE JIMENA,3576.1458,ALTA,184
811,67,JARILLO-TORRE DE MECA PUENTES ROMANOS DE MEDINA SIDONIA,11512.0376,BAJA,224
812,67,ARROYOMOLINOS DE FUENTE AMARGA,4353.0506,MUY BAJA,224
813,67,PRESA DEL FRESNILLO DEL RABEL,4511.1309,MEDIA,200
814,67,SALINA LA TAPA DEL BOYAL- LA SUARA,4950.3528,BAJA,99
815,67,GARGANTA DE MILLAN DEL LITORAL DE ROTA,13569.2812,MUY ALTA,112
816,67,LAS FUENTES DEL CENTENARIO,18263.0878,MUY ALTA,254
817,67,PUERTA VERDE DE SAN ROQUE GANADERAS DE JIMENA,2357.459,PROFESIONAL,281
818,67,CERRO DEL CHARCO DE LA CAÑADA DE MÁLAGA,10526.618,MEDIA,166
819,67,CAMINO DE LAS SALINAS DEL BUJEO - HOYO DE DON PEDRO,1252.8279,MEDIA,194
820,67,LA MENACHA DE LA PLAZA DE ARMAS,15000.917,MUY BAJA,253
821,67,DUNAS DE SAN ANTÓN VERDE,7592.9499,BAJA,248
822,67,PUERTO DEL BUJEO - HOYO DE DON PEDRO PUNTA CARNERO A GETARES,3867.9428,BAJA,294
823,67,SALTO DEL CABRERO DEL GUADIARO,7773.6277,MUY ALTA,77
824,67,ENCINAR DE VICOS DE HIGUERÓN,8148.711,MUY ALTA,46
825,68,PIEDRA PARDA NACIMIENTOS,8469.901,ALTA,45
826,68,EL CANALIZO DE LA SIERRA DE LÍJAR DE EL BOSQUE-CAMINO DEL ESPINO,2755.3841,MUY BAJA,193
827,68,LAS LOMAS DE CÁMARA VERDE DE CHICLANA,19243.8516,MEDIA,264
828,68,VEREDA DE LA VENTA DEL SILLETERO DE FATES,9799.308,PROFESIONAL,293
829,68,MONTE DE LA TORRE SALTADERO,14963.1314,BAJA,57
830,68,PUERTA VERDE DE SAN FERNANDO DE LA TORRE,3650.6609,BAJA,41
831,68,GARGANTA DE BARRIDA DE BOGAS,13427.5382,MUY BAJA,34
832,68,RIO MAJACEITE AURELIA,16477.0436,PROFESIONAL,110
833,68,PUERTA VERDE DE SAN FERNANDO AL SANTUARIO DE NUESTRA SEÑORA DE LOS SANTOS,14735.7204,MUY BAJA,129
834,68,GARGANTA SECA Y PUERTO DE LA BREÑA ALGARBES-BETIJUELO,2212.8446,ALTA,132
835,68,PUERTA VERDE DE SAN ROQUE DE BARBATE,17843.5646,PROFESIONAL,111
836,68,SALTO DEL CABRERO LA TAPA,7744.6665,MUY ALTA,280
837,68,CABO DE TRAFALGAR-CAÑOS DE MECA TORREÓN,18515.4445,ALTA,251
838,68,CERROS DE PALMITOS Y BARBECHOS DEL ARROYO DE LA GARGANTA DEL BOYAR,14829.1794,PROFESIONAL,72
839,68,MONTE DE LA TORRE DEL RABEL,7492.534,PROFESIONAL,280
840,69,CAMINO DE LOS CHARCONES ACANTILADO,19561.3929,ALTA,226
841,69,CORREDOR VERDE DOS BAHIAS. TRAMO II DEL ARROYO ALGAMASILLA,14136.8064,MUY ALTA,129
842,69,RUTA DE LA PLAYA DE LA BARROSA REAL DE CORDERO,6083.4833,ALTA,170
843,69,LAGUNAS LAS CANTERAS Y EL TEJÓN DE CAOS,8487.3116,MEDIA,140
844,69,SUBIDA AL PICO ALBARRACÍN DEL ARROYO DE LA GARGANTA DEL BOYAR,16186.4965,PROFESIONAL,189
845,69,CERRO DEL TAMBOR DE LA VENTA DEL SILLETERO,14862.6074,MUY BAJA,213
846,69,VÍA VERDE DE BORNOS GUAREÑAS - LA SUARA,15238.8976,MUY ALTA,54
847,69,EL CABRITO - PUERTO DEL BUJEO EXTENSA VEGA DE BORNOS,8161.1393,MUY BAJA,83
848,69,DE SETENIL A CAÑOS SANTOS DE LOS REMEDIOS,4925.3164,BAJA,167
849,69,SILLA DEL PAPA AMIGOS - RÍO ARILLO,14402.0458,PROFESIONAL,242
850,69,LOMA DE SAN BARTOLOMÉ LADERA,7572.6396,PROFESIONAL,215
851,69,DOLMEN DE LOS LAJARES Y CANCHA BERMEJA TEJA,19271.2869,MUY BAJA,124
852,69,LA ALMORAIMA VERDE DOS BAHIAS. TRAMO IV,5468.0519,MUY ALTA,114
853,69,SIERRA DE FATES DEL RÍO HONDÓN,14363.4705,MEDIA,285
854,69,CERRO DE LA PLAZA DE ARMAS AGUILILLAS - LAS GUAREÑAS,5215.7452,ALTA,172
855,71,GARGANTA DEL RAYO DE LA FRONTERA-CANTARRANAS,15185.0529,MUY BAJA,109
856,71,EL CAÑILLO DE CHAVARRIA,5787.8171,MUY ALTA,242
857,71,SUBIDA A LA CRUZ DEL TAJO DE UBRIQUE DE BARRIDA,17772.1756,PROFESIONAL,291
858,71,FÁBRICAS DE LUZ DE LA JANDA,7007.5353,BAJA,208
859,71,VÍA VERDE MATAGORDA CAMARINAL,1568.8537,ALTA,205
860,71,LA CALZADA DEHESA BOYAL AURELIA,12243.2031,ALTA,32
861,71,CALAS DE CONIL BODEGA,14812.0009,ALTA,170
862,71,LAGUNAS DE ESPERA ALHAJA,11267.4544,ALTA,131
863,71,CERROS DE PALMITOS Y BARBECHOS DE TRAFALGAR-CAÑOS DE MECA,5972.7452,BAJA,185
864,71,PUNTA DEL BOQUERÓN MONTERA DEL TORERO,15201.5099,PROFESIONAL,286
865,71,GARGANTA DE BOGAS DE LOS BATANES,17942.219,MUY ALTA,90
866,71,PICACHO-PEGUERA CARBONEROS,16110.3383,BAJA,251
867,71,LAS GUAREÑAS - PASADA DEL BOYAL TRES PINOS,6039.7355,ALTA,256
868,71,SUBIDA AL MOGOTE LA TAPA,10645.2957,BAJA,179
869,71,CAMINO DE LAS SALINAS RURALES DE BENALUP-CASAS VIEJAS,17802.9123,ALTA,267
870,72,CONIL DE LA FRONTERA-VEJER DE LA FRONTERA DEL EMBALSE DE ARCOS,16606.0082,ALTA,74
871,72,CAÑADA REAL DE JEREZ A RONDA TESORILLO,15502.55,ALTA,196
872,72,PICACHO-PEGUERA VERDE DOS BAHIAS. TRAMO IV,10704.8996,MUY BAJA,43
873,72,PUENTE DE LOS PALOMINOS DE LOS MOLINOS,15064.8167,MEDIA,196
874,72,CALLEJÓN DEL MOLINO Y CAÑADAS DE PRADO DEL REY Y EL BOSQUE,18000.4411,MUY ALTA,112
875,72,LA ATALAYA AL SANTUARIO DE NUESTRA SEÑORA DE LOS SANTOS,19437.3166,MUY BAJA,196
876,72,VALLE DE OJÉN VERDE DEL LITORAL COSTA BALLENA-CHIPIONA,15012.6696,PROFESIONAL,42
877,72,LOMAS GANADERAS DE JIMENA ,16141.9575,MEDIA,70
878,72,PUNTA DEL BOQUERÓN CAÑUELO,6968.9799,MUY ALTA,157
879,72,ASCENSO AL TAJO LAGARÍN DE LA VENTA DEL SILLETERO,1626.0476,PROFESIONAL,177
880,72,LAS GUAREÑAS - PASADA DEL BOYAL DE LA ERA EMPEDRADA,11061.6511,ALTA,94
881,72,CAÑADA REAL LOS RATONES PUENTES ROMANOS DE MEDINA SIDONIA,14721.0607,MUY ALTA,120
882,72,RIO MAJACEITE DE MECA,9859.0225,MEDIA,57
883,72,LOMAS GANADERAS DE JIMENA DEL FRESNILLO,10357.5243,BAJA,265
884,72,PIEDRA PARDA AURELIA,13829.3396,MUY ALTA,299
885,73,RIBERA DE GAIDOVAR DE LA VENTA DEL SILLETERO,5633.4311,MUY ALTA,180
886,73,PUERTA VERDE DE JEREZ DE LA FRONTERA ALHAJA,16934.2784,MUY BAJA,276
887,73,SALTO DEL CABRERO DE LA CAÑADA DE MÁLAGA,18924.4613,MUY ALTA,32
888,73,LA TEJA DEL RETÍN Y LA PLATA,5407.5235,ALTA,216
889,73,LAGUNA DE TARAJE Y SAN ANTONIO DEL DESCANSADERO,1891.8681,MUY ALTA,220
890,73,PINAR DE LOS FRANCESES AL MOGOTE,13234.4304,MUY BAJA,235
891,73,LA CALZADA DEHESA BOYAL ALTO DE EL BOSQUE,7016.1689,ALTA,48
892,73,LOS TRES PINOS DE LOS HURONES,16861.3041,PROFESIONAL,160
893,73,PICACHO-PEGUERA DEL REPUBLICANO,15392.3999,MEDIA,235
894,73,COLADA DE LA REGINOSA DE LOS PRISIONEROS,1554.1729,MUY BAJA,197
895,73,LAS PLATERAS CABRITO - PUERTO DEL BUJEO,7038.2026,BAJA,42
896,73,EL TESORILLO SANTA MARÍA DE JESÚS,1662.4218,PROFESIONAL,214
897,73,LAS GUAREÑAS - LA SUARA AMIGOS - RÍO ARILLO,14207.4499,MUY BAJA,135
898,73,CASA DEL DORNAJO VERDE DOS BAHIAS. TRAMO II,8190.2258,MUY BAJA,102
899,73,FUENTE DE RAMOS DE ARCOS,17828.0019,ALTA,112
900,74,CAMPOBUCHE DE CONIL,10544.9706,MEDIA,222
901,74,RUTA DE LA CAÑADA DE MÁLAGA DE TRAFALGAR-CAÑOS DE MECA,2422.8121,ALTA,137
902,74,FÁBRICAS DE LUZ MUELA-LOS NACIMIENTOS,4195.3359,MUY BAJA,274
903,74,ARROYO DE SAN CARLOS DEL TIRADERO VERDE DEL PARQUE DE LAS CAÑADAS,1474.9444,ALTA,170
904,74,LA SUARA Y TAJO,2396.5969,MUY ALTA,179
905,74,RUINAS DE ESPERILLA CALZADA DEHESA BOYAL,4376.1027,PROFESIONAL,250
906,74,CORDEL DE LOS MARCHANTES AL TAJO LAGARÍN,4024.8126,BAJA,291
907,74,FUENTE DE RAMOS AL CERRO ALBARRACINEJO,3681.2756,ALTA,206
908,74,LAS GUAREÑAS - PASADA DEL BOYAL PINSAPAR,13409.4084,MEDIA,232
909,74,LAJA ALTA DEL GRULLO,5340.3645,MUY BAJA,223
910,74,LA ANTIGUA LAGUNA DE LA JANDA DE BOLONIA-PULIDO,1947.891,ALTA,284
911,74,CERRO DEL AGUILA PINAR DEL REY HOZGARGANTA,11923.6044,MUY ALTA,121
912,74,LAS GUAREÑAS - PASADA DEL BOYAL DEL BACINETE,1319.545,MUY ALTA,79
913,74,CAMINO DE LA ERA EMPEDRADA DE BOLONIA-PULIDO,5185.8456,MEDIA,46
914,74,COMPLEJO ENDORREICO DE CHICLANA DE VICOS,19034.6039,MUY BAJA,54
915,76,ZAHARA DE LOS ATUNES-ATLANTERRA ROCHE,10842.3894,BAJA,95
916,76,PUNTA DEL BOQUERÓN VERDE DOS BAHIAS. TRAMO IV,11581.2891,ALTA,119
917,76,PUERTO DE BOLONIA-PULIDO DE ALGAR,3785.503,MUY BAJA,300
918,76,RIO MAJACEITE REAL DE CORDERO,18202.3316,MEDIA,40
919,76,ANTIGUA SALINA-FANGOS MAREALES DEL RÍO BARBATE ALBINA,3163.9166,ALTA,220
920,76,LAGUNAS DE ESPERA ERMITA Y EL SANTO,18055.9875,BAJA,235
921,76,QUINTAS DE ALGAR DE LA FRONTERA-VEJER DE LA FRONTERA,13257.9307,ALTA,120
922,76,SUBIDA AL CERRO PICACHO DE PUERTO SERRANO DEL ALJIBE,5216.0118,MUY ALTA,69
923,76,CANUTO DEL ARROYO ALGAMASILLA DE BOGAS,1914.0531,BAJA,147
924,76,PASEO DE LA CRUZ DE LA SIERRA DE LIJAR CALZADA ROMANA,12942.1183,PROFESIONAL,163
925,76,ESCARPES DEL RIO TREJO DE EL BOSQUE-CAMINO DEL ESPINO,16145.1038,MEDIA,274
926,76,LAGUNA DE LOS TOLLOS ERMITA Y EL SANTO,16550.5104,MUY BAJA,161
927,76,ARROYOMOLINOS DE LAS MOCITAS,8331.2611,MUY ALTA,214
928,76,CAMINO ALTO DE EL BOSQUE DE LOS MOLINOS,2351.0825,MUY BAJA,144
929,76,COLA DEL EMBALSE DE BORNOS DUNAR DE TORRE NUEVA,16298.325,BAJA,76
930,77,FUENTES RURALES DE BENALUP-CASAS VIEJAS REAL DE CORDERO,4094.8288,MEDIA,129
931,77,LAS PLATERAS AL RELOJ Y AL SIMANCÓN,2103.7065,ALTA,73
932,77,SUBIDA AL ALJIBE QUEBRADAS,8203.8348,ALTA,255
933,77,CORREDOR VERDE DOS BAHIAS. TRAMO I DE BOGAS,4859.6521,MUY BAJA,88
934,77,CALZADA MEDIEVAL DE GRAZALEMA DEL LITORAL DE ROTA,1991.0317,MUY ALTA,131
935,77,CANUTO DEL ARROYO ALGAMASILLA DE OJÉN,3737.9191,MEDIA,294
936,77,LAJA ALTA CAÑILLO,18905.4677,MEDIA,207
937,77,PUERTA VERDE DEL PUERTO DE SANTA MARÍA VERDE DE ALGECIRAS,7868.7808,MEDIA,204
938,77,CAMINO DE LA ERA EMPEDRADA ROCINEJO,12593.6369,PROFESIONAL,98
939,77,BARBATE-ERMITA DE SAN AMBROSIO DEL EMBALSE DE BORNOS,1719.8814,MUY ALTA,90
940,77,RUTA DE LA PLAYA DE LA BARROSA VERDE DE CHICLANA,5975.5427,BAJA,138
941,77,ANTIGUA SALINA-FANGOS MAREALES DEL RÍO BARBATE DE LA VENTA DEL SILLETERO,11103.1987,MEDIA,292
942,77,CERRO DEL TAMBOR DEL PILAR,11642.9431,PROFESIONAL,73
943,77,GARGANTA DEL CAPITÁN DE LA MIEL,8971.8619,ALTA,141
944,77,PARQUE DEL CENTENARIO DE LA MIEL,4928.1115,MUY ALTA,283